datetime,type,description
12/22/2025,Venue Update,Updated venue for Bodrum: TBC
12/22/2025,Venue Update,Updated venue for Athens: TBC
12/22/2025,Venue Update,Updated venue for Amsterdam: TBC
12/22/2025,Venue Update,Updated venue for Copenhagen: TBC
12/22/2025,Venue Update,Updated venue for Madrid: TBC
12/22/2025,Venue Update,Updated venue for Milan: TBC
12/22/2025,Venue Update,Updated venue for Rio De Janeiro: TBC
12/22/2025,Venue Update,Updated venue for Cannes: TBC
12/22/2025,Venue Update,Updated venue for Barcelona: TBC
12/22/2025,Venue Update,Updated venue for Belgrad: TBC
12/22/2025,Venue Update,Updated venue for Mykonos: TBC
12/22/2025,Venue Update,Updated venue for Miami: 3p
12/30/2025,New Show,Added show: 2026.04.24 - Wien (&ME)
12/30/2025,New Show,Added show: 2026.06.06 - Bucharest (&ME)
12/30/2025,New Show,Added show: 2026.07.30 - Garbicz Festival (Adam Port)
1/7/2026,Venue Update,Updated venue for Bodrum: Bobo by The Stay
1/7/2026,Capacity Update,Updated capacity for Bodrum: 1000
1/8/2026,New Show,Added show: 2026.04.24 - Vienna (&ME)
1/8/2026,New Show,"Added show: 2026.06.18 - Barcelona (Adam Port, Rampa)"
1/9/2026,Capacity Update,Updated capacity for Pa Tong: 3000
1/10/2026,Capacity Update,Updated capacity for Monaco: 1000
1/14/2026,Venue Update,Updated venue for Cannes: ALAIN DELON BALLROOM
1/14/2026,Capacity Update,Updated capacity for Cannes: 1000
1/14/2026,New Show,Added show: 2026.04.12 - Bali (Rampa)
1/20/2026,Venue Update,Updated venue for Athens: Army Park
1/20/2026,Capacity Update,Updated capacity for Athens: 17000
1/21/2026,New Show,Added show: 2026.03.07 - Paris (Rampa)
1/21/2026,New Show,Added show: 2026.08.01 - Fasano (Adam Port)
1/21/2026,Time Update,Updated Stage Time for Dubai: 00:00 - 04:00 TBC!
1/21/2026,Time Update,Updated Stage Time for Melbourne: 19:30 - 23:00 TBC
1/21/2026,Time Update,Updated Stage Time for Hong Kong: 18:00 - 22:00
1/21/2026,Time Update,Updated Stage Time for Budapest: 19:30-21:30 TBC!
1/21/2026,Time Update,Updated Stage Time for Zurich: 19:00 - 23:00 TBC!
1/21/2026,Time Update,Updated Stage Time for Ibiza: 23:00 - 07:00 TBC
1/21/2026,Time Update,Updated Stage Time for Ramatuelle: 18:00 - 21:00 TBC
1/21/2026,New Show,Added show: 2026.08.01 - München (&ME)
1/21/2026,Time Update,Updated Stage Time for London: 16:30 - 21:30 TBC!
1/21/2026,Time Update,Updated Stage Time for Grimbergen: 17:00 - 20:00 TBC!
1/21/2026,Time Update,Updated Stage Time for Pa Tong: 6pm - 10h30pm (if possible)
1/21/2026,Time Update,Updated Stage Time for Monaco: 02:30 - 04:30 TBC
1/21/2026,Time Update,Updated Stage Time for Ascona: 20:00 - 00:00 Rampa b2b Reznik
1/21/2026,Time Update,Updated Stage Time for Warszawa: 21:00 - 23:00 TBC!
1/21/2026,Time Update,Updated Stage Time for Fasano: 02:30 - 03:30 & 05:00 - 06:30 b2b Anotr
1/24/2026,Capacity Update,Updated capacity for Cannes: 1000
1/28/2026,New Show,Added show: 2026.05.30 - Beograd (Adam Port)
1/30/2026,Capacity Update,Updated capacity for Melbourne: 30000
2/10/2026,New Show,"Added show: 2026.08.22 - Amsterdam (&ME, Rampa)"
2/10/2026,New Show,Added show: 2026.06.01 - Ibiza (Adam Port)
2/10/2026,New Show,Added show: 2026.08.02 - Garbicz Festival (Adam Port)
2/10/2026,New Show,Added show: 2026.08.24 - Ibiza (Adam Port)
2/10/2026,New Show,Added show: 2026.09.14 - Ibiza (Adam Port)
2/10/2026,New Show,Added show: 2026.10.09 - Joshua Tree (Adam Port)
2/11/2026,New Show,Added show: 2026.05.08 - Guadalajara (&ME)
2/11/2026,New Show,Added show: 2026.06.20 - Basel (Rampa)
2/11/2026,Time Update,Updated Stage Time for Tbilisi: 02:00 - 05:00
2/11/2026,New Show,"Added show: 2026.04.27 - Ibiza (&ME, Rampa)"
2/11/2026,New Show,"Added show: 2026.07.08 - Ibiza (Keinemusik, &ME, Rampa, Adam Port)"
2/11/2026,New Show,"Added show: 2026.07.20 - Ibiza (&ME, Rampa)"
2/11/2026,New Show,"Added show: 2026.08.17 - Ibiza (&ME, Rampa)"
2/11/2026,New Show,"Added show: 2026.09.21 - Ibiza (&ME, Rampa)"
2/11/2026,New Show,Added show: 2026.07.14 - Sant Rafel (Rampa)
2/12/2026,New Show,Added show: 2026.07.21 - Cannes (&ME)
2/12/2026,New Show,Added show: 2026.08.01 - Ramatuelle (Rampa)
2/12/2026,New Show,Added show: 2026.08.08 - Ramatuelle (Adam Port)
2/12/2026,New Show,"Added show: 2026.09.11 - København (&ME, Adam Port)"
2/12/2026,Venue Update,Updated venue for Madrid: CAJA MÁGICA
2/12/2026,Capacity Update,Updated capacity for Madrid: 12000
2/12/2026,New Show,Added show: 2026.03.08 - Sommet de la Loze (Rampa)
2/12/2026,New Show,Added show: 2026.03.14 - Berlin (Adam Port)
2/12/2026,New Show,Added show: 2026.10.04 - Chicago (Adam Port)
2/12/2026,New Show,Added show: 2026.10.10 - Pioneertown (Adam Port)
2/16/2026,New Show,Added show: 2026.07.28 - Mykonos (&ME)
2/16/2026,New Show,Added show: 2026.08.04 - Mykonos (Rampa)
2/16/2026,Venue Update,Updated venue for Mykonos: Scorpios Mykonos
2/16/2026,Capacity Update,Updated capacity for Mykonos: 1500
2/17/2026,New Show,Added show: 2026.08.08 - Zürich (Rampa)
2/18/2026,New Show,Added show: 2026.07.30 - Cannes (Rampa)
2/19/2026,New Show,Added show: 2026.07.30 - Garbicz (Adam Port)
2/20/2026,New Show,Added show: 2026.07.14 - Ibiza (Rampa)
2/21/2026,Venue Update,Updated venue for Berlin: Prince Charles
2/24/2026,New Show,Added show: 2026.05.07 - Austin (&ME)
2/24/2026,New Show,Added show: 2026.06.21 - Naples (&ME)
2/25/2026,New Show,Added show: 2026.05.06 - Monaco (&ME)
2/25/2026,New Show,Added show: 2026.06.13 - St. Tropez (&ME)
2/25/2026,New Show,Added show: 2026.08.08 - Zurich (Rampa)
2/25/2026,Time Update,Updated Stage Time for Zürich: 01:00 - 03:00 TBC
2/25/2026,New Show,Added show: 2026.07.05 - Montauk (Adam Port)
2/25/2026,New Show,Added show: 2026.09.04 - Chicago (Adam Port)
2/25/2026,New Show,Added show: 2026.05.06 - Monaco (&ME)
2/25/2026,New Show,Added show: 2026.06.13 - St. Tropez (&ME)
2/25/2026,New Show,Added show: 2026.08.08 - Zurich (Rampa)
2/25/2026,Time Update,Updated Stage Time for Zürich: 01:00 - 03:00 TBC
2/25/2026,New Show,Added show: 2026.07.05 - Montauk (Adam Port)
2/25/2026,New Show,Added show: 2026.09.04 - Chicago (Adam Port)
2/26/2026,New Show,Added show: 2026.06.05 - Monaco (&ME)
2/27/2026,New Show,"Added show: 2026.07.03 - Montreal (&ME, Adam Port)"
2/27/2026,New Show,Added show: 2026.04.25 - Amsterdam (Adam Port)
2/27/2026,New Show,Added show: 2026.05.29 - Sofia (Adam Port)
2/27/2026,New Show,Added show: 2026.07.19 - Valencia (Adam Port)
2/27/2026,New Show,Added show: 2026.09.12 - Stockholm (Adam Port)
2/28/2026,New Show,Added show: 2026.06.06 - Beirut (Adam Port)
2/28/2026,New Show,Added show: 2026.07.11 - Zurich (Adam Port)
3/3/2026,New Show,Added show: 2026.06.07 - Shengjin (&ME)
3/3/2026,New Show,Added show: 2026.06.21 - Napoli (&ME)
3/4/2026,New Show,Added show: 2026.05.16 - Cannes (&ME)
3/4/2026,New Show,Added show: 2026.10.16 - Austin (Adam Port)
3/4/2026,New Show,Added show: 2026.10.17 - Miami (Adam Port)
3/5/2026,Venue Update,Updated venue for Cannes: Klub
3/5/2026,Capacity Update,Updated capacity for Cannes: 1000
3/5/2026,New Show,Added show: 2026.05.02 - Factory Town (Rampa)
3/5/2026,Capacity Update,Updated capacity for Zurich: 200000
3/6/2026,New Show,"Added show: 2026.06.11 - Kloud in (Keinemusik, &ME, Rampa, Adam Port)"
3/10/2026,Venue Update,Updated venue for Austin: The Concourse Project
3/10/2026,Time Update,Updated Stage Time for Austin: 3 hours
3/10/2026,Capacity Update,Updated capacity for Monaco: 2000
3/10/2026,New Show,Added show: 2026.05.02 - Miami (Rampa)
3/10/2026,Venue Update,Updated venue for Amsterdam: The Loft
3/10/2026,Capacity Update,Updated capacity for Amsterdam: 500
3/10/2026,Time Update,Updated Stage Time for Amsterdam: TBC
3/11/2026,New Show,Added show: 2026.06.28 - Mykonos (&ME)
3/11/2026,Capacity Update,Updated capacity for Montauk: 450
3/11/2026,Time Update,Updated Stage Time for Montauk: 2 hrs
3/11/2026,Venue Update,Updated venue for Austin: The Concourse Project
3/11/2026,Time Update,Updated Stage Time for Austin: 23:00 - 02:00 TBC
3/11/2026,Time Update,Updated Stage Time for Miami: 90 MIN
3/12/2026,New Show,Added show: 2026.06.07 - Shëngjin (&ME)
3/12/2026,Venue Update,Updated venue for Valencia: Marina Valencia
3/12/2026,Capacity Update,Updated capacity for Valencia: 8000
3/12/2026,New Show,Added show: 2026.08.14 - Golfo Pevero (Adam Port)
3/14/2026,Time Update,Updated Stage Time for Bucharest: TBC ca 21:00 sunset set
3/17/2026,New Show,Added show: 2026.06.13 - Ramatuelle (&ME)
3/17/2026,New Show,"Added show: 2026.11.21 - Dubai (Keinemusik, &ME, Rampa, Adam Port)"
3/17/2026,New Show,Added show: 2026.07.29 - Cannes (Rampa)
3/18/2026,New Show,Added show: 2026.07.18 - Bodrum (&ME)
3/18/2026,New Show,Added show: 2026.05.03 - Washington (Rampa)
3/19/2026,New Show,Added show: 2026.10.31 - TBC (&ME)
3/19/2026,Venue Update,Updated venue for Ciudad de México: Autódromo Hermanos Rodríguez
3/19/2026,Time Update,Updated Stage Time for København: 19:30 - 00:00
3/24/2026,New Show,Added show: 2026.07.12 - Barcelona (&ME)
3/26/2026,New Show,Added show: 2026.07.26 - Ios (&ME)
3/27/2026,New Show,"Added show: 2026.10.10 - Athens (&ME, Rampa)"
3/27/2026,New Show,Added show: 2026.08.21 - Ibiza (Rampa)
4/1/2026,New Show,Added show: 2026.10.01 - Paris (Adam Port)
4/3/2026,New Show,"Added show: 2026.09.05 - Amsterdam (&ME, Rampa)"
4/3/2026,Capacity Update,Updated capacity for Bali: 2500
4/5/2026,New Show,"Added show: 2026.10.30 - NYC (&ME, Rampa)"
4/10/2026,New Show,Added show: 2026.07.05 - NYC (&ME)
4/11/2026,Venue Update,Updated venue for Vouliagmeni: Four Seasons Astir Palace Hotel Athens
4/11/2026,Capacity Update,Updated capacity for Vouliagmeni: 400
4/11/2026,New Show,"Added show: 2026.08.02 - Bërnicë e Poshtme (Rampa, Adam Port)"
4/12/2026,New Show,"Added show: 2026.07.04 - Toronto (&ME, Adam Port)"
4/12/2026,New Show,Added show: 2026.10.05 - Ibiza (&ME)
4/12/2026,Capacity Update,Updated capacity for Ibiza: 4000
4/15/2026,Venue Update,Updated venue for Novegro-Tregarezzo: Idroscalo Milano Ingresso Tribune
4/15/2026,Capacity Update,Updated capacity for Novegro-Tregarezzo: 12000
4/15/2026,New Show,Added show: 2026.06.13 - Kings County (Rampa)
4/15/2026,New Show,Added show: 2026.06.14 - Kings County (Rampa)
4/15/2026,Time Update,Updated Stage Time for Bërnicë e Poshtme: 01:00 - close TBC
4/15/2026,Time Update,Updated Stage Time for Ibiza: 02:30 - close b2b with Marco
4/15/2026,Venue Update,Updated venue for Paris: YOYO - Palais de Tokyo
4/15/2026,Capacity Update,Updated capacity for Paris: 900
4/16/2026,New Show,Added show: 2026.05.09 - Caracas (Rampa)
4/18/2026,New Show,Added show: 2026.06.03 - Ibiza (&ME)
4/18/2026,New Show,Added show: 2026.05.22 - El Khalifa (Adam Port)
4/21/2026,Capacity Update,Updated capacity for Ibiza: 150
4/21/2026,Time Update,Updated Stage Time for Monaco: 01:30 - 03:30
4/21/2026,New Show,"Added show: 2026.07.18 - Lissabon (Rampa, Adam Port)"
4/22/2026,Venue Update,Updated venue for Amstelveen: Land van Bosse - Amsterdamse Bos
4/22/2026,Capacity Update,Updated capacity for Amstelveen: 20000
4/22/2026,New Show,Added show: 2026.12.03 - Ryadh (&ME)
4/22/2026,Venue Update,Updated venue for Stockholm: Liljeholmskajen
4/22/2026,Capacity Update,Updated capacity for Stockholm: 10000
4/22/2026,Time Update,Updated Stage Time for Stockholm: max 3hrs
4/23/2026,New Show,Added show: 2026.05.24 - Bahamas (Adam Port)
4/25/2026,Time Update,Updated Stage Time for Amsterdam: 19:00 - 23:00
4/26/2026,Time Update,Updated Stage Time for Caracas: 00:00 - 03:00
4/29/2026,Time Update,Updated Stage Time for Miami: 01:00 - 04:00
4/29/2026,New Show,Added show: 2026.08.09 - Golfo Pevero (Rampa)
4/30/2026,Time Update,Updated Stage Time for Riyadh: 01:00 - 02:30 TBC
4/30/2026,Capacity Update,Updated capacity for Zürich: 14000
5/1/2026,Venue Update,Updated venue for Lisbon: The White Sand Mountains
5/1/2026,Capacity Update,Updated capacity for Lisbon: 2000
5/5/2026,Deleted Show,"Removed cancelled/missing show: 2026.08.22 - Amsterdam (&ME, Rampa) on 2026-08-22"
5/5/2026,Deleted Show,Removed cancelled/missing show: 2026.07.12 - Barcelona (&ME) on 2026-07-12
5/5/2026,Deleted Show,Removed cancelled/missing show: 2026.06.20 - Bodrum (&ME) on 2026-06-20
5/7/2026,Time Update,Updated Stage Time for Los Angeles: 18:00 - 22:00
5/7/2026,Capacity Update,Updated capacity for Toronto: 15000
5/7/2026,Time Update,Updated Stage Time for Golfo Pevero: 02:00 - 04:00
5/7/2026,Capacity Update,Updated capacity for Stockholm: 10000
5/14/2026,Time Update,Updated Stage Time for Cannes: 01:30 - 03:30
5/14/2026,New Show,Added show: 2026.08.04 - Cesme (&ME)
5/14/2026,New Show,Added show: 2026.08.23 - Marbella (&ME)
5/14/2026,Time Update,Updated Stage Time for Lisbon: around 21h  (sunset is 20.58)
5/14/2026,New Show,Added show: 2026.10.06 - Ibiza (Rampa)
5/14/2026,New Show,Added show: 2026.10.12 - Ibiza (Rampa)
5/14/2026,New Show,Added show: 2026.07.25 - Bodrum (Adam Port)
5/14/2026,New Show,Added show: 2026.09.20 - Marbella (Adam Port)
5/19/2026,Venue Update,Updated venue for Cesme: Playa Tropical
5/19/2026,Capacity Update,Updated capacity for Cesme: 3000
5/19/2026,Time Update,Updated Stage Time for Cesme: 22:00 - 00:00 TBC
5/19/2026,New Show,Added show: 2026.10.16 - Sao Paulo (&ME)
5/19/2026,Capacity Update,Updated capacity for Riyadh: 10000
5/19/2026,New Show,"Added show: 2026.12.12 - Kitzbuehel (&ME, Adam Port)"
5/19/2026,New Show,Added show: 2026.08.13 - Corsica (Adam Port)
5/20/2026,Time Update,Updated Stage Time for Cannes: 01:30 - 04:00
5/21/2026,Time Update,Updated Stage Time for Marbella: 22:00 - 00:00
5/27/2026,New Show,Added show: 2027.01.09 - Tulum (&ME)
5/27/2026,Venue Update,Updated venue for Porto-Vecchio: Da Mare by Sea Lounge
5/27/2026,Capacity Update,Updated capacity for Porto-Vecchio: 1500
6/4/2026,New Show,Added show: 2026.06.05 - Roquebrune-Cap-Martin (Rampa)
6/6/2026,Venue Update,Updated venue for Bucharest: ROMAERO S.A.
6/6/2026,Capacity Update,Updated capacity for Shëngjin: 6000
6/6/2026,Time Update,Updated Stage Time for Shëngjin: 03:00 - 06:00
6/9/2026,New Show,Added show: 2026.08.21 - Antalya (Adam Port)
6/9/2026,New Show,Added show: 2026.10.30 - Dubai (Adam Port)
6/10/2026,New Show,"Added show: 2026.09.19 - Manchester (&ME, Rampa)"
6/10/2026,Venue Update,Updated venue for Santa Domingo: Montesinos
6/10/2026,City Update,Updated City from TBC to: Santa Domingo
6/12/2026,Venue Update,Updated venue for Toronto: Woodbine Park
6/12/2026,Time Update,Updated Stage Time for New York City: 12:00 am - 3:00 am: Rampa B2B Prospa
6/13/2026,Venue Update,Updated venue for Manchester: The Warehouse Project
6/13/2026,Capacity Update,Updated capacity for Manchester: 7500
6/13/2026,Time Update,Updated Stage Time for Manchester: 4 hrs
6/17/2026,Time Update,Updated Stage Time for Barcelona: 20:00 - 00:00 Rampa and Adam Port
6/24/2026,New Show,Added show: 2026.10.31 - Dubai (Adam Port)
6/24/2026,New Show,Added show: 2026.11.13 - Gurugram (Adam Port)
6/24/2026,New Show,Added show: 2026.11.14 - Kolkata (Adam Port)
6/24/2026,New Show,Added show: 2026.11.15 - Bengaluru (Adam Port)
6/25/2026,New Show,Added show: 2026.07.22 - Ramatuelle (Rampa)
6/26/2026,New Show,"Added show: 2026.08.14 - North Coast (&ME, Rampa)"
6/26/2026,New Show,"Added show: 2026.12.28 - St Barth, , , (Rampa)"
7/1/2026,Capacity Update,Updated capacity for Mykonos: 1500
7/2/2026,Time Update,Updated Stage Time for Montreal: 18:00 - 22:00 &ME and Adam Port
7/3/2026,Capacity Update,Updated capacity for Montreal: 9600
7/7/2026,Time Update,Updated Stage Time for Ibiza: 23:00 - 06:00 all night long
7/11/2026,Time Update,Updated Stage Time for Zürich: 18:30 - 20:00
7/13/2026,New Show,Added show: 2026.12.04 - Dubai (&ME)
7/16/2026,New Show,Added show: 2026.08.26 - Portofino (&ME)
7/16/2026,New Show,Added show: 2026.12.12 - Bucharest (Adam Port)
7/17/2026,Capacity Update,Updated capacity for Dubai: 10000
7/17/2026,Time Update,Updated Stage Time for Dubai: 01:00 - 02:30 TBC
7/24/2026,New Show,Added show: 2026.12.04 - Riyadh (&ME)
7/24/2026,New Show,Added show: 2026.08.01 - Cannes (Rampa)
7/24/2026,New Show,Added show: 2026.08.08 - Zurich (Rampa)
7/24/2026,New Show,"Added show: 2026.08.14 - North Coast (&ME, Rampa)"
7/24/2026,New Show,"Added show: 2026.08.17 - Ibiza (&ME, Rampa)"
7/24/2026,New Show,"Added show: 2026.09.05 - NW  Amstelveen (&ME, Rampa)"
7/24/2026,New Show,"Added show: 2026.09.19 - M12 QF  Manchester (&ME, Rampa)"
7/24/2026,New Show,"Added show: 2026.09.21 - Ibiza (&ME, Rampa)"
7/24/2026,New Show,"Added show: 2026.09.25 - Novegro-Tregarezzo  Milan (Keinemusik, Rampa)"
7/24/2026,New Show,"Added show: 2026.10.10 - Vouliagmeni (&ME, Rampa)"
7/24/2026,New Show,"Added show: 2026.10.30 - Kings County (&ME, Rampa)"
7/24/2026,New Show,"Added show: 2026.11.21 - Nairobi (Keinemusik, Rampa)"
7/24/2026,New Show,"Added show: 2026.08.02 - Bërnicë e Poshtme (Rampa, Adam Port)"
7/24/2026,New Show,"Added show: 2026.08.09 - London (&ME, Adam Port)"
7/24/2026,New Show,"Added show: 2026.09.11 - København (&ME, Adam Port)"
7/24/2026,New Show,"Added show: 2026.09.25 - Novegro-Tregarezzo  Milan (Keinemusik, Adam Port)"
7/24/2026,New Show,"Added show: 2026.11.21 - Nairobi (Keinemusik, Adam Port)"
7/25/2026,Deleted Show,"Removed cancelled/missing show: 2026.10.10 - Vouliagmeni (&ME, Rampa) on Sat Oct 10 2026 00:00:00 GMT+0200 (Central European Summer Time)"
7/30/2026,New Show,Added show: 2026.10.17 - São Paulo (&ME)
7/30/2026,New Show,Added show: 2026.09.18 - TBC (Adam Port)
8/3/2026,New Show,Added show: 2026.12.30 - Bali (Rampa)
8/14/2026,New Show,Added show: 2026.11.29 - Erfurt (Adam Port)
8/19/2026,New Show,Added show: 2027.01.06 - Tulum (&ME)
8/19/2026,New Show,"Added show: 2027.05.01 - Kloud in (Keinemusik, &ME, Rampa, Adam Port)"
8/19/2026,New Show,Added show: 2026.12.05 - Baku (Adam Port)
8/19/2026,New Show,Added show: 2026.12.28 - TBC (Adam Port)
8/20/2026,New Show,Added show: 2026.12.05 - Dubai (&ME)
8/20/2026,New Show,Added show: 2027.05.15 - Las Vegas (Adam Port)
8/27/2026,New Show,"Added show: 2027.07.03 - New York (Keinemusik, &ME, Rampa, Adam Port)"
9/1/2026,New Show,Added show: 2026.12.27 - St. Barth (&ME)
9/1/2026,New Show,"Added show: 2027.05.15 - Las Vegas (&ME, Adam Port)"
9/1/2026,New Show,Added show: 2027.01.10 - Tulum (Adam Port)
9/2/2026,New Show,"Added show: 2027.01.02 - Lima (&ME, Adam Port)"
9/4/2026,New Show,Added show: 2026.12.02 - Miami (Adam Port)
9/5/2026,New Show,Added show: 2026.09.20 - Marbella (Adam Port)
9/8/2026,New Show,Added show: 2026.10.31 - New York (Rampa)
9/9/2026,New Show,Added show: 2026.09.10 - New York (Rampa)
9/10/2026,New Show,Added show: 2027.05.16 - Frankfurt (&ME)
9/15/2026,New Show,Added show: 2026.12.04 - Miami (Rampa)
9/15/2026,New Show,Added show: 2026.12.05 - Miami (Rampa)
9/15/2026,New Show,Added show: 2026.12.05 - Miami (Adam Port)
9/19/2026,New Show,"Added show: 2026.12.21 - Ibechie Town Lagos (&ME, Adam Port)"
9/24/2026,New Show,Added show: 2026.12.31 - NYC (&ME)
9/24/2026,New Show,"Added show: 2027.06.26 - Kloud in (Keinemusik, &ME, Rampa, Adam Port)"
9/24/2026,New Show,Added show: 2026.12.04 - Miami (Adam Port)
9/25/2026,New Show,"Added show: 2027.08.07 - New York (Keinemusik, &ME, Rampa, Adam Port)"
9/25/2026,New Show,Added show: 2026.10.03 - Paris (Rampa)
9/26/2026,New Show,Added show: 2026.11.01 - Dubai (Adam Port)
9/30/2026,Deleted Show,"Removed cancelled/missing show: 2026.11.21 - Dubai (Keinemusik, &ME, Rampa, Adam Port) on Sat Nov 21 2026 00:00:00 GMT+0100 (Central European Standard Time)"
9/30/2026,New Show,"Added show: 2026.11.21 - Nairobi (Keinemusik, &ME, Rampa, Adam Port)"
9/30/2026,New Show,Added show: 2026.10.30 - New York (Rampa)
10/1/2026,New Show,Added show: 2027.03.12 - Budapest (Adam Port)
10/1/2026,New Show,Added show: 2027.05.28 - Skopje (Adam Port)
10/1/2026,New Show,Added show: 2027.09.12 - Grimbergen (Adam Port)