Date,Artists,Venue,City,Country,Sold Out,Tickets Link,System ID,Formatted Name,Venue File Request Email,Event Name,Event URL,Performance Time,Duration Days,Capacity,Status Phase,Production,Doors Open,Doors Close,Venue Street,Venue State,Venue Postal,Venue Country Code,Venue Phone,Venue URL,Venue Lat,Venue Lng,Tickets On Sale,Light Designer,Light Operator,Production Manager,Sound Engineer,Checklist ID,progress,Folder File Count,Stage time,Setpiece
2025-12-29,&ME,Atolon Beach Club Cartagena,Cartagena de Indias,Colombia,No,https://tibreakfast.checkout.tuboleta.com/selection/event/date?productId=10230267332886,API_2025-12-29T00:00:00Z_1943184,2025.12.29 - Cartagena de Indias (&ME),"
Please upload the necessary files to the Google Drive folder linked below.

https://drive.google.com/drive/folders/1NDCACW6ZfqnX_DqQ_BCT-nx41AwjzsYn

Please include:

1. Venue / Stage 3D File (accepted file types: .vwx, .c2p, .mvr, .dwg, .skp)
2. Rental Supplier Catalog (accepted file types: .pdf, .xlsx)
3. Venue Photos
",&ME @ ATOLON BEACH CLUB - Cartagena - CO,,,1,2000,,,,,,Bolívar,130001,CO,,http://www.atoloncartagena.com/,-10.3932,-75.4832,,Jelle,Jelle,Jelle,,1Sj4JaSeyBuFOy5iaOqkM9-0QISIXuOLCFJAktl1hXJs,"15,20",10,,
2025-12-31,&ME,Factory Town,Miami,United States,No,https://factory-town.hive-pages.com/andme-nye?fbclid=PAZXh0bgNhZW0CMTEAAad8rfOF2i2s13QHzpl8oGz7gFfURrz1RD7sYo1WHdBuU4pUNRnBW8YaZrHPSw_aem_K0v6br71Tw9Vghgdaax1sg,API_2025-12-31T00:00:00Z_1594597,2025.12.31 - Miami (&ME),"
Please upload the necessary files to the Google Drive folder linked below.

https://drive.google.com/drive/folders/1ir-hBZ-wSd7NJ-EDCEJHDIN8Gypn-8yv

Please include:

1. Venue / Stage 3D File (accepted file types: .vwx, .c2p, .mvr, .dwg, .skp)
2. Rental Supplier Catalog (accepted file types: .pdf, .xlsx)
3. Venue Photos
",&ME @ Factory Town - Miami - US,,,1,6000,,,19:00,7:00,4800 Northwest 37th Avenue,FL,331423916,US,,http://www.factorytown.com/,25.8174968,-80.2574838,,Jelle,Jelle,Jelle,,10A3lCwmb1AKdyoI36k5hZgZa0u8zlkGVVzJJKgPaYpc,"17,21",49,,
2026-01-03,&ME,Crania,Puerto Los Cabos,Mexico,No,https://www.passline.com/eventos/me-cabo,API_2026-01-03T00:00:00Z_1934840,2026.01.03 - Puerto Los Cabos (&ME),"
Please upload the necessary files to the Google Drive folder linked below.

https://drive.google.com/drive/folders/1Dcwo-EXihabRZhYajQumwgg6P4yMUuKj

Please include:

1. Venue / Stage 3D File (accepted file types: .vwx, .c2p, .mvr, .dwg, .skp)
2. Rental Supplier Catalog (accepted file types: .pdf, .xlsx)
3. Venue Photos
",&ME @ Crania - Cabo - MX,,,1,2000,,,,,Marina,,,MX,,,23.0619055,-109.6761674,,Jelle,Jelle,Jelle,,1LigDsZ2fOwazN1RQNml5jUvqPokZUNRgahS8BFHWt_4,"12,20",25,,
2026-01-08,&ME,"BUNKER ISLA NAOS, CAUSEWAY",Panama City,Panama,No,https://www.tupass.com.co/events/andmepanama,API_2026-01-08T00:00:00Z_1979276,2026.01.08 - Panama City (&ME),"
Please upload the necessary files to the Google Drive folder linked below.

https://drive.google.com/drive/folders/1TI2WfiBrh7kyTD4z000hSi7PZWqhysXb

Please include:

1. Venue / Stage 3D File (accepted file types: .vwx, .c2p, .mvr, .dwg, .skp)
2. Rental Supplier Catalog (accepted file types: .pdf, .xlsx)
3. Venue Photos
",&ME @ Bunker Isla Naos - Panama City - PA,,3 hrs,1,2000,,,17:00,6:00,CALZADA DE AMADOR,,,PA,,,8.9145832,-79.5318911,,Jelle,Jelle,Jelle,,1yHcuk2IkymgdEfXxCm2U8ZWWwe8lrMwjpH2GcXn_F2k,"4,20",22,,
2026-04-24,&ME,Pyramide,Vienna,Austria,No,,ICAL_2026-04-24_vienna,2026.04.24 - Vienna (&ME),"Please upload files...

https://drive.google.com/drive/folders/1qXLdj3jhZYWOYAs5DD-cJZ3Y2c-4lIwq",,,Name: &ME @ Pyramide - Vienna - AT,,5000,Done,,22:00,,,,,,,,48.1689211,16.3656072,,Jelle,Jelle,Jelle,,1DaHBWDNugB4d8sCxLfvzEaBYiSKZGhdCUMAR_GrVOMI,"20,20",26,,LEDwall
2026-05-01,&ME,Hajógyári Island,Budapest,Hungary,No,,ICAL_2026-05-01_budapest,2026.05.01 - Budapest (&ME),"Please upload files...

https://drive.google.com/drive/folders/1KMsPfhH-swFNEj-w-o065HVn-C2D93Ep",,,19:30-21:30 TBC!,,5000,Waiting,,14:00,,,,,,,,47.551944,19.0546592,,Jelle,Jelle,Jelle,,13J0prgkZFvXr8z97Si7K7yLTJ7LsGAGHk8GI9AAxR2c,"7,20,ok",45,19:30-21:30 TBC,Setpiece
2026-05-02,&ME,The Garden,Zurich,Switzerland,No,,ICAL_2026-05-02_zurich,2026.05.02 - Zurich (&ME),"Please upload files...

https://drive.google.com/drive/folders/1nxtTSflNc_AB7aLvKCGRR51p3b0ATS8f",,,19:00 - 23:00 TBC!,,2300,Waiting,,14:00,,,,,,,,47.3768866,8.541694,,Jelle,Jelle,Jelle,,1xiG4mSej_GdbXx4z94D7eEpQq8EgTQGax41T-u2HUEM,"7,20,ok",35,19:00 - 23:00 TBC,intellipix-R
2026-05-07,&ME,The Concourse Project,Austin,United States,No,,ICAL_2026-05-07_me,2026.05.07 - Austin (&ME),"Please upload files...

https://drive.google.com/drive/folders/1TGwR7bN9YP0zPeotHv01uhGph7tux250",,,Name: &ME @ TBC - Austin - US,,,Done,,,,,,,,,,30.3332614,-97.6714746,,Jelle,Jelle,Jelle,,1Q031FB5dCTrU0dQPIg81tacq1rsFtGBJXsyBx09tq9I,"2,20",18,3 hours,LedWall
2026-05-09,&ME,Beach,Los Angeles,United States,No,,ICAL_2026-05-09_me,2026.05.09 - Los Angeles (&ME),"Please upload files...

https://drive.google.com/drive/folders/17fzQ7I4GLvJfH8HzVv2fFHJ93ROZtAoZ",,,Name: &ME @ Beach - Los Angeles - US,,,Waiting,,,,,,,,,,34.0549076,-118.242643,,Jelle,Jelle,Jelle,,1KcScqFy-l48n2wtk6Wsa0mIGP-430f8pjtu4EFLGfeA,"2,20",17,18:00 - 22:00,Setpiece
2026-05-16,&ME,Klub,Cannes,France,No,,ICAL_2026-05-16_me,2026.05.16 - Cannes (&ME),"Please upload files...

https://drive.google.com/drive/folders/1CzBZVPqcMk3VrBkU9hhgHNmdCHVyEp5k",,,Name: &ME @ TBC - Cannes - FR,,1000,Confirmed,,,,,,,,,,43.5539499,7.0170217,,Ben,Jelle,Jelle,,1MY5HSRXam6dF5Km1ZxOyVNQpq7o1zcs7lP5WpOnYfqc,"0,20",0,01:30 - 03:30,None
2026-05-29,&ME,The Cliff,Amman,Jordan,No,,ICAL_2026-05-29_me,2026.05.29 - Amman (&ME),"Please upload files...

https://drive.google.com/drive/folders/1IArgQ7u0i1B2yjkrsYVc2hYuCyBt-mGG",,,Name: &ME @ The Cliff - Amman - EG,,1500,Waiting,,20:00,,,,,,,,31.8818019,35.7855389,,Jelle,Jelle,Jelle,,1Nxax7s2sdPP2auUx38pYh6umYxJKdLKsfNAScxtmF6E,"10,20,ok",43,23:00 - 03:00 TBC,Fixture Smiley
2026-06-03,&ME,private Villa,Ibiza,Spain,No,,ICAL_2026-06-03_me,2026.06.03 - Ibiza (&ME),"Please upload files...

https://drive.google.com/drive/folders/1qOzpytSMulbkalAPgtvBXaXsnzTXWBGI",,,00:00 - 03:00 tbc,,150,Done,,,,,,,,,,39.0200099,1.4821482,,,,,,1deMtCAcCZrZb-VuHpRJO92-gtUOENh5bpjO9Ycb_3Eo,"0,20",0,00:00 - 03:00 tbc,None
2026-06-05,&ME,Turbo,Monaco,Monaco,No,,ICAL_2026-06-05_me,2026.06.05 - Monaco (&ME),"Please upload files...

https://drive.google.com/drive/folders/16oTn2PURW2lN98mcf_4TNuZY_ednh2Qk",,,Name: &ME @ Turbo - Monaco - MC,,2000,To Do,,,,,,,,,,43.7384176,7.4246158,,Jelle,Jelle,Jelle,,1nf-Rz-fNIV8DtoN4zUGdjTzdSHNoiZMoq-q-6MqAoeA,"19,20",0,01:30 - 03:30,None
2026-06-06,&ME,ROMAERO S.A.,Bucharest,Romania,No,,ICAL_2026-06-06_me,2026.06.06 - Bucharest (&ME),"Please upload files...

https://drive.google.com/drive/folders/1GdTTClKopGnHAC9ZqLPZZbduXcI1Djpg",,,Name: &ME @ TBC - Bucharest - RO,,,Waiting,,,,,,,,,,44.4267674,26.1025384,,Jelle,Jelle,Jelle,,1t7abkIi41pYwV4qFfAz8og1y_BXoOIbvqWCHy2SMYRg,"15,20",38,TBC ca 21:00 sunset set,Setpiece
2026-06-07,&ME,Unum Festival,Shëngjin,Albania,No,,ICAL_2026-06-07_me,2026.06.07 - Shëngjin (&ME),"Please upload files...

https://drive.google.com/drive/folders/1c6wHGuMjo_jeZ8bN8eSsTWOjToYtp4QP",,,Name: &ME @ UNUM Festival - Shengjin - AL,,6000,To Do,,,,,,,,,,41.8142439,19.59177,,Jelle,Jelle,Jelle,,1-zc9N5aYhD56hb1A3p9qMHaPDAIsTFK6FIG1_blZImE,"0,20",4,03:00 - 06:00,Festival
2026-06-13,&ME,Private Yacht,Ramatuelle,France,No,,ICAL_2026-06-13_me,2026.06.13 - Ramatuelle (&ME),"Please upload files...

https://drive.google.com/drive/folders/1LXLr_8CnYSqah77XtyBTOgZatsSP_Zai",,,23:00 - TBC,,150,Waiting,,,,,,,,,,43.21504,6.612732,,Jelle,Jelle,Jelle,,19R4oeHaseAgi3pOoulGs9OPJJbsXFD6G7HbP374udgE,"0,20",0,23:00 - TBC,None
2026-06-21,&ME,Club Partenopeo,Napoli,Italy,No,,ICAL_2026-06-21_me,2026.06.21 - Napoli (&ME),"Please upload files...

https://drive.google.com/drive/folders/1q4aeenz5V3iO9S7G5xARV5Tdpg4Gsfgt",,,19:00 - 23:00 TBC,,6500,Waiting,,16:00,,,,,,,,40.8022996,14.1749393,,Jelle,Jelle,Jelle,Housten,1g-u-772qjqRiBYP4uHyjE4pQVsl3ilVaJ6B6emdBy4c,"2,20",9,19:00 - 23:00 TBC,speakers
2026-06-28,&ME,Scorpios Mykonos,Mykonos,Greece,No,,ICAL_2026-06-28_me,2026.06.28 - Mykonos (&ME),"Please upload files...

https://drive.google.com/drive/folders/1ywqKIqg1Do76TtEtJm5uaBq9zLUX6gbn",,,Name: &ME @ Scorpios - Mykonos - GR,,1500,Waiting,,,,,,,,,,37.4069079,25.3476296,,Jelle,Jelle,Jelle,,1jcWAYcbORZZ8tIemiCJogvJ7GPEVebT2j4E1aJQdkaU,"0,20",15,,None
,,,,,,,,,,,,,,,,,,,,,,,,,,,,,,,,,,,,
2026-07-18,&ME,Scorpios,Bodrum,Turkey,No,,ICAL_2026-07-18_me,2026.07.18 - Bodrum (&ME),"Please upload files...

https://drive.google.com/drive/folders/1yCp3IuU_Gl06UL86Vvv-lqnIn5dYJ55z",,,Name: &ME @ Scorpios - Bodrum - TR,,1500,Waiting,,,,,,,,,,37.1335981,27.4099415,,Jelle,Jelle,Jelle,,1Q_lZe1aG4m5hAepN3PDrm2PD_sVfPDs_NZ-YEFFrzlM,"0,0",758,,None
2026-07-21,&ME,Klub,Cannes,France,No,,ICAL_2026-07-21_cannes,2026.07.21 - Cannes (&ME),"Please upload files...

https://drive.google.com/drive/folders/1z4gGMFgtUTdJdR5Hm3nprJQ7F1J7DZWX",,,Name: &ME @ Klub - Cannes - FR,,1000,Waiting,,,,,,,,,,43.5539499,7.0170217,,Jelle,Jelle,Jelle,,1q-K-Y8fJS4bgJCRtyKT_2Oj3ot7RVaulQvmUWICRvB8,"0,20",0,,Wrong date
2026-07-21,&ME,Shellona Beach Club,Ramatuelle,France,No,,ICAL_2026-07-21_me,2026.07.21 - Ramatuelle (&ME),"Please upload files...

https://drive.google.com/drive/folders/1I_f9cPuj9lMAhBpE3SABtcItZCkDU48t",,,Name: &ME @ Shellona Beach Club - St. Tropez - FR,,600,Waiting,,15:00,,,,,,,,43.2381793,6.6627557,,Jelle,Jelle,Jelle,,1fgw-52iommkAodYexKOFyuzRpzNNSGzKdz9ZBaKkmYA,"2,20",0,18:00 - 21:00 TBC,None
2026-07-26,&ME,FarOut Beach Club,Ios,Greece,No,,ICAL_2026-07-26_me,2026.07.26 - Ios (&ME),"Please upload files...

https://drive.google.com/drive/folders/1jg3CIkFArb-WUokJe7CEGGscjPfQ6jX7",,,Name: &ME @ FarOut Beach Club - Ios - GR,,2500,Done,,15:00,,,,,,,,36.7106823,25.2963819,,Jelle,Jelle,Jelle,,1xswq2mk66ycFT0cfY4IyKeUPkMeMzCYZn4V1_yleHQM,"18,20",11,,None
2026-07-28,&ME,Scorpios Mykonos,Mykonos,Greece,No,,ICAL_2026-07-28_me,2026.07.28 - Mykonos (&ME),"Please upload files...

https://drive.google.com/drive/folders/1wByewXks_Mevs7r2-7VQ8jB9CIHCsH6U",,,Name: &ME @ Scorpios - Mykonos - GR,,1500,Done,,,,,,,,,,37.4069079,25.3476296,,Jelle,Jelle,Jelle,,13p0w_yxSqKgpvKmK0eq_UuEnXpz54LXqZNuzZLJHMow,"0,20",0,,None
2026-08-01,&ME,Greenfields Open Air,München,Germany,No,,ICAL_2026-08-01_me,2026.08.01 - München (&ME),"Please upload files...

https://drive.google.com/drive/folders/1cdQnYa135wTqaXYMpA1P4myIZz4MQkG-",,,18:00 - 20:00 TBC,,10000,Done,,11:00,,,,,,,,48.1455003,11.673756,,Jelle,Jelle,Jelle,Housten,1MIFhyoQZGWQoAFumUlm63jDFA-eoiuQlklBZdkxdTAg,"19,20",6,18:00 - 20:00 TBC,Camera FX
2026-08-04,&ME,Playa Tropical,Cesme,Turkey,No,,ICAL_2026-08-04_me,2026.08.04 - Cesme (&ME),"Please upload files...

https://drive.google.com/drive/folders/16Qs1s40y6h2h1T4pfNUYOFrHSL2jNLdX",,,Name: &ME @ TBC - Cesme - TR,,3000,Done,,,,,,,,,,38.3228017,26.3027607,,Jelle,Jelle,Jelle,,1avZYzuj3sdq6NkrRY96rcFGYcOvU-N_NBcdVD90s-7Y,"19,20",11,22:00 - 00:00 TBC,
2026-08-23,&ME,Playa Padre,Marbella,Spain,No,,ICAL_2026-08-23_me,2026.08.23 - Marbella (&ME),"Please upload files...

https://drive.google.com/drive/folders/1j_7rq4sbJ3Hm0BHVLztSpVniDdfXRKnJ",,,Name: &ME @ Playa Padre - Marbella - ES,,900,Done,,12:00,,,,,,,,36.5079715,-4.8698943,,Jelle,Jelle,Jelle,,17MvUoEpqpfydhl_vSVX5p4thDvvyhNHJtqgiR2F03pc,"0,20",4,22:00 - 00:00,
2026-09-12,&ME,CAJA MÁGICA,Madrid,Spain,No,,ICAL_2026-09-12_me,2026.09.12 - Madrid (&ME),"Please upload files...

https://drive.google.com/drive/folders/1jdlbi62Ctcnx9kEYbkew-RiQNmxD_wif",,,Name: &ME @ TBC - Madrid - ES,,12000,To Do,,,,,,,,,,40.413565,-3.698164,,Jelle,Jelle,Jelle,Housten,1aYeYyWzz_eDRUXNsTgGp7dwyTpopJuhMYFyaqq2bLkI,"0,20",131,22:00 - 00:00,To check: house style or not
2026-09-13,&ME,Voodoo Village,Grimbergen,Belgium,No,https://tickets.voodoovillage.be/6cc56e393c2441289bbeed33c6538c32/tickets,ICAL_2026-09-13_me,2026.09.13 - Grimbergen (&ME),"
Please upload the necessary files to the Google Drive folder linked below.

https://drive.google.com/drive/folders/1DiMt8N6Lwc_IeL-koNqxC95P10p7kSW5

Please include:

1. Venue / Stage 3D File (accepted file types: .vwx, .c2p, .mvr, .dwg, .skp)
2. Rental Supplier Catalog (accepted file types: .pdf, .xlsx)
3. Venue Photos
",&ME @ Voodoo Village Festival - Grimbergen - BE,,17:00 - 20:00 TBC!,1,,Confirmed,,,,Het Gravenkasteel,,1851,BE,,,50.9750099,4.3782976,,Jelle,Jelle,Jelle,,11r2m3lMhn2JdftiTuP9M7q6XcUMVg6AVLJUyc0OVGCM,"0,20",0,17:00 - 20:00 TBC!,Festival
2026-10-05,&ME,DC-10,Ibiza,Spain,No,,ICAL_2026-10-05_me,2026.10.05 - Ibiza (&ME),"Please upload files...

https://drive.google.com/drive/folders/1FlyGiQK1rViHEk2Z-B32koBr_Y11xD9b",,,Name: &ME @ Circoloco x DC-10 - Ibiza - ES,,3000,Done,,23:00,,,,,,,,38.8802506,1.3927143,,Jelle,Jelle,Jelle,,13Zmyxfl70DmN6wH_6z-zHceTkwlqLyg9vAT7YwjJKBQ,"0,20",0,,Circoloco
2026-10-16,&ME,(private) TBC,Sao Paulo,Brazil,No,,ICAL_2026-10-16_me,2026.10.16 - Sao Paulo (&ME),"Please upload files...

https://drive.google.com/drive/folders/1hJSxXUzKM6LijEfrhPdIl38TPePdHWF3",,,Name: &ME @ TBC - Sao Paulo - BR,,,Done,,,,,,,,,,-23.5539235,-46.6430231,,Jelle,Jelle,Jelle,,1yIh2xr43zm08-4h6qx7uPNPQ5VKygqrwD4emD1pm_JA,"0,20",0,,
2026-10-31,&ME,Montesinos,Santa Domingo,Dominican Republic,No,,ICAL_2026-10-31_me,2026.10.31 - TBC (&ME),"Please upload files...

https://drive.google.com/drive/folders/1x5TM5q8D1QDhEs_LUFQDayGKOOVAmQXd",,,Name: &ME @ TBC - TBC - DO,,,Waiting,,,,,,,,,,18.735693,-70.162651,,Jelle,Jelle,Jelle,,1dg5ZRu8peVLwgevquR2AYR7SRweo3NCuigWplxTzbuw,"0,20",0,,
2026-12-03,&ME,Soundstorm,Ryadh,Saudi Arabia,No,,ICAL_2026-12-03_me,2026.12.03 - Ryadh (&ME),"Please upload files...

https://drive.google.com/drive/folders/1YzuPvw-W3bkJYLKOjqgqlkJSpFTcVe3U",,,Name: &ME @ Soundstorm - Ryadh - SA,,10000,To Do,,,,,,,,,,24.9994355,46.5037604,,Jelle,Jelle,Jelle,,1Q9nrHMKK-dKIzvXiiO428XxTWMjjqpA0OFnrkzWrY1w,"0,20",0,01:00 - 02:30 TBC,Festival
2026-07-03,"&ME, Adam Port",Off Piknic,Montreal,Canada,No,,ICAL_2026-07-03_meadamport,"2026.07.03 - Montreal (&ME, Adam Port)","Please upload files...

https://drive.google.com/drive/folders/1_RwkWCo4OEr7s_S2jsZx1L5hOVo7Wb9Y",,,Name: &ME and Adam Port @ Off Piknic - Montreal - CA,,9600,Waiting,,,,,,,,,,45.5116297,-73.5346024,,Hannes,"Jelle, Hannes","Jelle, Hannes",Housten,1NBcwbd9QCBJaAonJKpHThC1gGUk3YIzq36BMLoiswxQ,"18,20",6,18:00 - 22:00 &ME and Adam Port,LEDwall visuals
2026-07-04,"&ME, Adam Port",Woodbine Park,Toronto,Canada,No,,ICAL_2026-07-04_meadamport,"2026.07.04 - Toronto (&ME, Adam Port)","Please upload files...

https://drive.google.com/drive/folders/1Qa_Yxy27wgDNPgEX5Pe3Jl6vJk5diBpu",,,20:00 - 23:00,,15000,To Do,,14:00,,,,,,,,43.6548253,-79.388447,,Hannes,"Jelle, Hannes","Jelle, Hannes",,1pD3ZPz04LmbviajcNC3qEKWZSuRUn2EqUnHvn31Y8f4,"16,20",36,20:00 - 23:00,None
2026-08-09,"&ME, Adam Port",Finsbury Park,London,England,No,https://famfam.app/homeStack/ShowDetail?eventId=evt_8636724c-3ba5-4b04-8d5f-f2bdc4bcd2dd,ICAL_2026-08-09_meadamport,"2026.08.09 - London (&ME, Adam Port)","
Please upload the necessary files to the Google Drive folder linked below.

https://drive.google.com/drive/folders/1F83SlfK8ETyp-v0bjUS7ZD4LpSD0D4G_

Please include:

1. Venue / Stage 3D File (accepted file types: .vwx, .c2p, .mvr, .dwg, .skp)
2. Rental Supplier Catalog (accepted file types: .pdf, .xlsx)
3. Venue Photos
",&ME and Adam Port @ Finsbury Park - London - UK,,16:30 - 21:30 TBC!,1,10000,Waiting,,14:00,21:30,,,,GB,,,51.5072,0.1276,,"Hannes, Jelle","Jelle, Hannes",Hannes,Housten,1G0ZcVkPIzeTNfbQH8kTiHM0_PpwHtDHHN0mzjHWgCSA,"16,20",9,16:30 - 21:30 TBC!,Camera Matrix
2026-09-11,"&ME, Adam Port",Valbyparken,København,Denmark,No,,ICAL_2026-09-11_meadamport,"2026.09.11 - København (&ME, Adam Port)","Please upload files...

https://drive.google.com/drive/folders/10J-baNyhaM3q8AvkKgL7lM95VYtlJ0Dw",,,Name: &ME and Adam Port @ Valbyparke - Copenhagen - DK,,14000,To Do,,,,,,,,,,55.6415103,12.5206794,,"Jelle, Hannes","Jelle, Hannes","Jelle, Hannes",Housten,1OdjiK8q1KEbLLyZivxZua4DfMMFFuZoNnbG6wT6Oo8E,"3,20,ok",0,19:30 - 00:00,Random podiums
2025-12-05,"&ME, Adam Port, Rampa, Keinemusik",Yas Island,Abu Dhabi,United Arab Emirates,No,https://famfam.app/homeStack/ShowDetail?eventId=evt_e404bbd0-32a4-412d-8ec7-204c519904f8,API_2025-12-05T00:00:00Z_1903930,"2025.12.05 - Abu Dhabi (&ME, Adam Port, Rampa, Keinemusik)","
Please upload the necessary files to the Google Drive folder linked below.

https://drive.google.com/drive/folders/1CngPon8PljDXF2AX3RgoJNpWI34xMaw9

Please include:

1. Venue / Stage 3D File (accepted file types: .vwx, .c2p, .mvr, .dwg, .skp)
2. Rental Supplier Catalog (accepted file types: .pdf, .xlsx)
3. Venue Photos
",Keinemusik @ Yas Gateway Park - Abu Dhabi - AE,,00:30 - 03:00 Keinemusik,1,21250,,,22:00,5:30,,Abu Dhabi,,AE,,http://www.yasisland.ae/,24.4958385,54.6040121,,Hannes,"Jelle, Ben, Hannes",James,Housten,10XPg09hIfDN2S-uQcIzF5yf621RYQ7TmHXE6eE1gLzs,"0,20",0,,
2026-01-06,"&ME, Adam Port, Rampa, Keinemusik",Zamna Tulum,Tulum,Mexico,No,https://www.tixr.com/groups/zamnafestival/events/keinemusik-at-zamna-tulum-151213,API_2026-01-06T00:00:00Z_1155834,"2026.01.06 - Tulum (&ME, Adam Port, Rampa, Keinemusik)","
Please upload the necessary files to the Google Drive folder linked below.

https://drive.google.com/drive/folders/1tZ0xwPoXBc_lrHC_5bDD9r9zm4Sut5yd

Please include:

1. Venue / Stage 3D File (accepted file types: .vwx, .c2p, .mvr, .dwg, .skp)
2. Rental Supplier Catalog (accepted file types: .pdf, .xlsx)
3. Venue Photos
",Keinemusik @ Kloud in - MX,,,1,20000,,,,,Carretera Tulum Felipe Carrillo Puerto km 200 - 220,QE,77760,MX,+52 984 745 2631,http://www.zamnatulum.com/,20.1420595,-87.4609351,,"Jelle, Ben, Hannes","Jelle, Ben, Hannes",James,Housten,1waOewgm15vx_9fOHa1YeDOwKTLmp4Mp9OmA9W-gbqls,"18,20",19,,
2026-03-27,"&ME, Adam Port, Rampa, Keinemusik",Mahalaxmi Race Course,Mumbai,India,No,https://famfam.app/homeStack/ShowDetail?eventId=evt_896030a3-3058-4d70-9acc-1a0b8eacbc6e,API_2026-03-27T00:00:00Z_1926908,"2026.03.27 - Mumbai (&ME, Adam Port, Rampa)","
Please upload the necessary files to the Google Drive folder linked below.

https://drive.google.com/drive/folders/1Cxluuyz3XL-rLtvMloNHFCraFg0m6mgg

Please include:

1. Venue / Stage 3D File (accepted file types: .vwx, .c2p, .mvr, .dwg, .skp)
2. Rental Supplier Catalog (accepted file types: .pdf, .xlsx)
3. Venue Photos
",Keinemusik @ Kloud in - IN,,,1,25000,Waiting,,,,Keshavrao Khadye Marg XRMC+M2P,MH,400034,IN,,http://www.rwitc.com/comeracing/mumbairacecourse.php,18.9842089,72.8200753,,"Hannes, Jelle","Jelle, Hannes, Ben",James,Housten,1PNqX6yv3Ot-lSLipklFV3qZtRABlbnRT8T5ZjL0I86Q,"9,20,overdue",89,18:00 - 22:00 TBC,
2026-04-02,"&ME, Adam Port, Rampa, Keinemusik",Flemington Racecourse,Melbourne,Australia,No,https://famfam.app/homeStack/ShowDetail?eventId=evt_7357715e-dad4-4693-8030-ff294dc6fc87,API_2026-04-02T00:00:00Z_1935429,"2026.04.02 - Melbourne (&ME, Adam Port, Rampa, Keinemusik)","
Please upload the necessary files to the Google Drive folder linked below.

https://drive.google.com/drive/folders/1TFcg0DlmAcIGjBMkNQWe31Yno_IOBSX_

Please include:

1. Venue / Stage 3D File (accepted file types: .vwx, .c2p, .mvr, .dwg, .skp)
2. Rental Supplier Catalog (accepted file types: .pdf, .xlsx)
3. Venue Photos
",Keinemusik @ Kloud in - AU,,18:30 - 23:00 (TBC!),1,13000,Waiting,,17:30,23:00,448 Epsom Road,VIC,3031,AU,,https://www.vrc.com.au/,-37.79097,144.911891,,"Jelle, Hannes","Jelle, Hannes, Ben",James,Housten,1m4TXUykr02Kz67ujxKeAcasF3r_1Bss3Yhos50W68xE,"11,20,overdue",134,19:30 - 23:00 TBC,
2026-04-27,"&ME, Rampa",DC-10,Ibiza,Spain,No,,ICAL_2026-04-27_ibiza,"2026.04.27 - Ibiza (&ME, Rampa)","Please upload files...

https://drive.google.com/drive/folders/1jlzPtrVE97j8eCbxR3CL6hAMePF8YX5S",,,Name: &ME vs Rampa @ Circoloco x DC-10 - Ibiza - ES,,3000,Done,,23:00,,,,,,,,38.8802506,1.3927143,,,,,,1m2FI5quQ1iPiJ2PNZl14e2MF33LEz2VK53XTNABanGU,"0,20",0,,circoloco
2026-05-24,"&ME, Rampa",Pacha,Ibiza,Spain,No,,ICAL_2026-05-24_merampa,"2026.05.24 - Ibiza (&ME, Rampa)","Please upload files...

https://drive.google.com/drive/folders/1uiJ-hLQZJs_yIjb5daSN4l65egfWvokr",,,Name: &ME vs Rampa @ Pacha - Ibiza - ES,,3500,Done,,23:00,,,,,,,,38.9182986,1.4432497,,"Ben, Jelle","Jelle, Ben","Jelle, Ben",Housten,1Rc5mvyvgRNTR_KQ6Irxvr03aqM4xGPFx8CTmfo0vzwg,"2,20",27,23:00 - 07:00 TBC,Anarchy Smiley
2026-06-27,"&ME, Rampa",Army Park,Athens,Greece,No,,ICAL_2026-06-27_merampa,"2026.06.27 - Athens (&ME, Rampa)","Please upload files...

https://drive.google.com/drive/folders/1nvct6TWXUriwgcpFjJic6cFacRidyxaU",,,Name: &ME vs Rampa @ TBC - Athens - GR,,16999,Done,,,,,,,,,,37.9838096,23.7275388,,"Jelle, Ben",Jelle,Jelle,Housten,1ga4WFgyKStp8YRNx3HAzZkFjcmrduwUNShqBC_DxrIc,"17,20",51,,Blinder setpieces + Blocks
2026-07-20,"&ME, Rampa",DC-10,Ibiza,Spain,No,,ICAL_2026-07-20_merampa,"2026.07.20 - Ibiza (&ME, Rampa)","Please upload files...

https://drive.google.com/drive/folders/1S2s-HQu8TpFyfkPUVY-IwRoSv8uGi9PK",,,Name: &ME vs Rampa @ Circoloco x DC-10 - Ibiza - ES,,3000,Done,,23:00,,,,,,,,38.8802506,1.3927143,,"Jelle, Ben","Jelle, Ben","Jelle, Ben",,1vmShHeRrueYveBo6T4z1xRiyteuO1qoS0pFMKDby_0U,"0,20",0,,Circoloco
2026-08-17,"&ME, Rampa",DC-10,Ibiza,Spain,No,,ICAL_2026-08-17_merampa,"2026.08.17 - Ibiza (&ME, Rampa)","Please upload files...

https://drive.google.com/drive/folders/1xvKKNJlBvMCDfHX9ceRF-223zJkhU8Me",,,Name: &ME vs Rampa @ Circoloco x DC-10 - Ibiza - ES,,3000,Done,,23:00,,,,,,,,38.8802506,1.3927143,,,Jelle,,,1vYPvKg7IluVTRQbXDlMKpLxKgEIJ_vWD1N30N1DHPC4,"0,20",0,,Circoloco
2026-09-05,"&ME, Rampa",Land van Bosse - Amsterdamse Bos,Amsterdam,Netherlands,No,,ICAL_2026-09-05_merampa,"2026.09.05 - Amsterdam (&ME, Rampa)","Please upload files...

https://drive.google.com/drive/folders/14CDU8lh-ejJIttc9l8NTPC_SgQrL98BP",,,Name: &ME vs Rampa @ TBC - Amsterdam - NL,,20000,Waiting,,,,,,,,,,52.3845965,4.8829671,,"Jelle, Ben","Jelle, Ben","Jelle, Ben",Housten,1cDjWLPvlutzkxYAKj5sNF0rGfCNVTwaECbzHfkU38UY,"1,20",39,19:00 - 23:00 &ME vs Rampa,Asymmetrical blocks
2026-09-21,"&ME, Rampa",DC-10,Ibiza,Spain,No,,ICAL_2026-09-21_merampa,"2026.09.21 - Ibiza (&ME, Rampa)","Please upload files...

https://drive.google.com/drive/folders/1OBzq8T9A96SWMi3zAmJrBT6UtpAn_P22",,,Name: &ME vs Rampa @ Circoloco x DC-10 - Ibiza - ES,,3000,Done,,23:00,,,,,,,,38.8802506,1.3927143,,"Jelle, Ben","Jelle, Ben","Jelle, Ben",Housten,1IqPv5IttChz5BOOf0Eqaic5trG9kGw-Sgis8G1SZXqs,"0,20",0,,Circoloco
2026-10-10,"&ME, Rampa",Four Seasons Astir Palace Hotel Athens,Athens,Greece,No,,ICAL_2026-10-10_merampa,"2026.10.10 - Athens (&ME, Rampa)","Please upload files...

https://drive.google.com/drive/folders/1tTNe-37wsypZICixlXZ5O6zxnSIVEuaQ",,,Name: &ME vs Rampa @ TBC - Athens - GR,,400,Done,,,,,,,,,,37.9838096,23.7275388,,"Jelle, Ben","Jelle, Ben","Jelle, Ben",,10HT4B7tiFnbjOs_SUbe_pgAs9xfNr6hkPqAGS7tEUSg,"0,20",1,no lights!,Wedding
2026-10-30,"&ME, Rampa",Circoloco,NYC,United States,No,,ICAL_2026-10-30_merampa,"2026.10.30 - NYC (&ME, Rampa)","Please upload files...

https://drive.google.com/drive/folders/1AF-G0r01MfMPoHvqFfRxFNv5Wt8QFlf5",,,Name: &ME vs Rampa @ Circoloco - NYC - US,,,Done,,,,,,,,,,40.7127753,-74.0059728,,,,,,1fsQBPQQ0AJO67yRyc5T1wUyhiqr0aDhg_PdTdbdTyNo,"0,20",0,,Circoloco
2026-04-05,"&ME, Rampa, Keinemusik, Adam Port",Axa Wonderland,Hong Kong,China,No,https://s.klook.com/keinemusikhk,API_2026-04-05T00:00:00Z_1941015,"2026.04.05 - Hong Kong (&ME, Adam Port, Rampa, Keinemusik)","
Please upload the necessary files to the Google Drive folder linked below.

https://drive.google.com/drive/folders/1_P7gNXiFNyDBZWzHRVxOhGxvEhj2CyR_

Please include:

1. Venue / Stage 3D File (accepted file types: .vwx, .c2p, .mvr, .dwg, .skp)
2. Rental Supplier Catalog (accepted file types: .pdf, .xlsx)
3. Venue Photos
",Keinemusik @ Kloud in - CN,,18:00 - 22:00,1,8000,Waiting,,,22:00,West Kowloon Cultural District,,,CN,,,22.3026722,114.1552016,,"Hannes, Ben, Jelle","Jelle, Ben, Hannes",James,Housten,13uW92m8VlrYiPjFTervHJGWwwhI6clCEQ6S4UvTBTpc,"1,20",152,18:00 - 22:00,
2025-12-29,Adam Port,Porto Seguro,Arraial da Ajuda,Brazil,No,,ICAL_2025-12-29_arraialdaajuda,2025.12.29 - Arraial da Ajuda (Adam Port),"Please upload files...

https://drive.google.com/drive/folders/1-ujxqUKl7TeV7LC0bxC6ydV0r-1qTis0",,,Name: Adam Port @ Sundance x Uíki - Arraial d’Ajuda - BR,,4500,,,,,,,,,,,-16.4910066,-39.0740031,,Hannes,Hannes,Hannes,,1h_PDZ0i0YA2PlWWMjupcVopxSf_bZRAoN2yLu_7FPuc,"0,0",0,,
2025-12-29,Adam Port,Uíki,"Porto Seguro, Arraial da Ajuda",Brazil,No,https://ingressos.sundancefestival.com.br/adam-port__3117,API_2025-12-29T00:00:00Z_1935110,"2025.12.29 - Porto Seguro, Arraial da Ajuda (Adam Port)","
Please upload the necessary files to the Google Drive folder linked below.

https://drive.google.com/drive/folders/1wJsNCJmUQSicTmuLZ4DKFEG4n04zcm7k

Please include:

1. Venue / Stage 3D File (accepted file types: .vwx, .c2p, .mvr, .dwg, .skp)
2. Rental Supplier Catalog (accepted file types: .pdf, .xlsx)
3. Venue Photos
",Adam Port @ Sundance x Uíki - Arraial d’Ajuda - BR,,,1,,,,,,Estrada de Pitinga s/n,BA,45816-000,BR,,http://uikiparracho.com.br/,-16.5034962,-39.0726608,,Hannes,Hannes,Hannes,,1vSejJ0vhTU7sNYF1hv18xTC1cfST_e1W9uQ58vdZwmY,"19,20",0,,
2025-12-30,Adam Port,Greenvalley,Camboriú,Brazil,No,https://www.guicheweb.com.br/adam-port-keinemusik-no-greenvalley_46657,API_2025-12-30T00:00:00Z_1739218,2025.12.30 - Camboriú (Adam Port),"
Please upload the necessary files to the Google Drive folder linked below.

https://drive.google.com/drive/folders/1eAqZlJE63A_DErFmgMEmpFWOBjSABYRr

Please include:

1. Venue / Stage 3D File (accepted file types: .vwx, .c2p, .mvr, .dwg, .skp)
2. Rental Supplier Catalog (accepted file types: .pdf, .xlsx)
3. Venue Photos
",Adam Port @ Greenvalley - Camboriú - BR,,19:00 - 22:00,1,7000,,,,,Rua Antônio Lopes Gonçalves Bastos 1083,SC,88343-412,BR,+55 47 99720-0139,http://www.greenvalleybr.com/?utm_source=google&utm_medium=wix_google_business_profile&utm_campaign=6264786506481914059,-27.037161,-48.6256793,,Hannes,Hannes,Hannes,,15A3wAGCSgmM1OVt6b8O-MvfYSBVYwVLDj2HAGTjm25k,"18,20",0,,
2026-03-14,Adam Port,Prince Charles,Berlin,Germany,No,,ICAL_2026-03-14_berlin,2026.03.14 - Berlin (Adam Port),"Please upload files...

https://drive.google.com/drive/folders/1XaaeAFpmkduBE9zWFdDeZ2_AteZZnayw",,,Name: Adam Port @ TBC - Berlin - DE,,500,Waiting,,,,,,,,,,52.48899,13.3934184,,Hannes,Hannes,Hannes,,10uOSLzTE2Bhqpa9Ni7aNEOCvYWisjLWGmZUW4J-YmWI,"20,20,ok",0,,
2026-04-25,Adam Port,The Loft,Amsterdam,Netherlands,No,,ICAL_2026-04-25_amsterdam,2026.04.25 - Amsterdam (Adam Port),"Please upload files...

https://drive.google.com/drive/folders/1s2dJkqJakkXw68hnaxQqFb-MM0TNvJc_",,,Name: Adam Port @ TBC - Amsterdam - NL,,500,Done,,,,,,,,,,52.3845965,4.8829671,,Hannes,Hannes,Hannes,,14cWafPzErU8aoNyzafwAel6GIPq3X7p2NCelL8utguU,"20,20",7,19:00 - 23:00,club show 
2026-05-09,Adam Port,Mtatsminda Park,Tbilisi,Georgia,No,https://famfam.app/homeStack/ShowDetail?eventId=evt_913d84f2-5673-44a7-9cec-4811fb4cd43a,ICAL_2026-05-09_adamport,2026.05.09 - Tbilisi (Adam Port),"
Please upload the necessary files to the Google Drive folder linked below.

https://drive.google.com/drive/folders/1fVqQptukGaAn1NtqqUpjzz5vKQGd3adK

Please include:

1. Venue / Stage 3D File (accepted file types: .vwx, .c2p, .mvr, .dwg, .skp)
2. Rental Supplier Catalog (accepted file types: .pdf, .xlsx)
3. Venue Photos
",Adam Port @ Mtatsminda Park - Tiflis - GE,,,1,5000,Waiting,,22:30,8:00,Zeda Plato Funicular 0105,,,GE,,,41.7402012,44.7188093,,Hannes,Hannes,Hannes,Housten,1dEt5M-YaligOe_ek1iRCaRrindJRAFxYIhXak9Ex_Sg,"19,20",22,02:00 - 05:00,360 Show
2026-05-22,Adam Port,Citadel of Salah El Din,El Khalifa,Egypt,No,,ICAL_2026-05-22_adamport,2026.05.22 - El Khalifa (Adam Port),"Please upload files...

https://drive.google.com/drive/folders/1imkeqU6UCXt_o-r0s_EcSTHFFQOvmn5g",,,22:00 - 01:00,,4000,Waiting,,19:00,,,,,,,,30.0287457,31.2597144,,Hannes,Hannes,Hannes,,1CqnPC1FeA3DeoiLPcNjSWoRG-iSMrROhv_8JZNgrfjE,"20,20",3,22:00 - 01:00,
2026-05-24,Adam Port,Private Island,Bahamas,Bahamas,No,,ICAL_2026-05-24_adamport,2026.05.24 - Bahamas (Adam Port),"Please upload files...

https://drive.google.com/drive/folders/1UfkXSNzY9QGUbEH85l2dvskr4aXgnk1H",,,Name: Adam Port @ private Wedding - Bahamas - BS,,,,,,,,,,,,,25.03428,-77.39628,,Hannes,Hannes,Hannes,,1mlHltR4a9sXon39REBOKcX6VlwwTImVBGyAEN8MWRwA,"0,20",0,,
2026-05-29,Adam Port,TBC,Sofia,Hungary,No,,ICAL_2026-05-29_sofia,2026.05.29 - Sofia (Adam Port),"Please upload files...

https://drive.google.com/drive/folders/1eF9nR0axEJOVB7ERSQynubctv6zY5j4q",,,Name: Adam Port @ TBC - Sofia - HU,,,,,,,,,,,,,47.162494,19.503304,,Hannes,Hannes,Hannes,,1hSFtUYhv6VJQvnXcCyB44j5VP6flFWc_JSbJuyqOAww,"0,20",0,,
2026-05-30,Adam Port,Port Of Belgrade,Beograd,Serbia,No,,ICAL_2026-05-30_adamport,2026.05.30 - Beograd (Adam Port),"Please upload files...

https://drive.google.com/drive/folders/1MOfSo3gkfVrznu04hVd2Vn3DclVlzpXx",,,max 3hrs,,6000,To Do,,22:00,,,,,,,,44.8243834,20.4764638,,Hannes,Hannes,Hannes,Housten,1ru-9m-YAxx0r2ripsh2ZjAtFmEeT7TmdN73mtfi8BgQ,"16,20",26,02:00 - 05:00 TBC,360 Show
2026-06-01,Adam Port,DC-10,Ibiza,Spain,No,,ICAL_2026-06-01_adamport,2026.06.01 - Ibiza (Adam Port),"Please upload files...

https://drive.google.com/drive/folders/1h8R1pRms9Za-Fv3BqKjdBG1zTPIZWled",,,Name: Adam Port @ Circoloco - DC10 - Ibiza - ES,,3000,,,23:00,,,,,,,,38.8802506,1.3927143,,Hannes,Hannes,Hannes,,1SFEcJcYv40UIIa5yek80KErDm5Qqh0KaJ8CwlgAy1jc,"0,20",0,,club show
2026-06-06,Adam Port,Beach,Beirut,Lebanon,No,,ICAL_2026-06-06_beirut,2026.06.06 - Beirut (Adam Port),"Please upload files...

https://drive.google.com/drive/folders/1P1s-E25IB-yTV-yn-jrYtaZsiS0Zx2Qi",,,Name: Adam Port @ Beach - Beirut - LB,,,,,,,,,,,,,33.8937913,35.5017767,,Hannes,Hannes,Hannes,,1p44DhhCbP3zCCkQIpXGb_4KsqEE0RMb3LjlmGvYk1ec,"0,20",0,,
2026-06-27,Adam Port,Instytut Energetyki,Warszawa,Poland,No,,ICAL_2026-06-27_adamport,2026.06.27 - Warszawa (Adam Port),"Please upload files...

https://drive.google.com/drive/folders/151Us42GYsUHg5CQPlMqfbh-CzXv6Ulpe",,,Name: Adam Port @ Instytut Energetyki - Warsaw - PL,,3500,Waiting,,20:00,,,,,,,,52.212674,20.8774627,,Hannes,Hannes,Hannes,,1JS3JASNfMxwbMuuyKER1WUMlHm8Klckr7J34F9Xlpjo,"20,20",10,21:00 - 23:00 TBC!,
2026-07-05,Adam Port,Surflodge,Montauk,United States,No,,ICAL_2026-07-05_adamport,2026.07.05 - Montauk (Adam Port),"Please upload files...

https://drive.google.com/drive/folders/1__RGXWd5SNPVdv407QUK5yYWRmckikxm",,,Name: Adam Port @ Surflodge - Montauk - US,,450,Confirmed,,,,,,,,,,41.0441791,-71.9505557,,Hannes,Hannes,Hannes,,1QtuucqRv9dWGOEKLtoSwjKhvIq0nusWQQFkQK6le50s,"20,20",0,2 hrs,
2026-07-11,Adam Port,Circoloco,Zurich,Switzerland,No,,ICAL_2026-07-11_adamport,2026.07.11 - Zurich (Adam Port),"Please upload files...

https://drive.google.com/drive/folders/1qeO_XNElwszO684YT1a8qX6OT2f6jQ7X",,,Name: Adam Port @ Circoloco - Zurich - CH,,14000,Confirmed,,,,,,,,,,47.3768866,8.541694,,Hannes,Hannes,Hannes,,12R2uD01z_IMW5YElFDwteuR16mfumWoEpKYaAjnSLfk,"20,20",0,18:30 - 20:00,
2026-07-19,Adam Port,Marina Valencia,Valencia,Spain,No,,ICAL_2026-07-19_adamport,2026.07.19 - Valencia (Adam Port),"Please upload files...

https://drive.google.com/drive/folders/19y012zU0c77ASfTKJ4qxUJ79iXz9Qkpu",,,Name: Adam Port @ TBC - Valencia - ES,,8000,Waiting,,,,,,,,,,39.4738338,-0.3756348,,Hannes,"Hannes, Ben",Hannes,Housten,1ZvWSHHw7eIIG0ANCslLoGA9hkJUoBaqMHeWJU8iXu3Y,"14,20",19,20:00 - 22:00 TBC,360
2026-07-30,Adam Port,Garbicz Festival,Garbicz,Poland,No,,ICAL_2026-07-30_adamport,2026.07.30 - Garbicz (Adam Port),"Please upload files...

https://drive.google.com/drive/folders/1ReDSn3FoFSw94ZIspk25MSFKg77S6Fki",,,Name: Adam Port @ Garbicz Festival - PL,,4000,Waiting,,,,,,,,,,52.3069766,14.9994432,,Hannes,Hannes,Hannes,,1qojYPmGRPniS5ORpFIc8FFPhQCQ1eigbTffVgr8E078,"20,20",0,20:00 - 22:00 ,festival 
2026-08-01,Adam Port,NO ART - PUGLIA,Fasano,Italy,No,,ICAL_2026-08-01_adamport,2026.08.01 - Fasano (Adam Port),"Please upload files...

https://drive.google.com/drive/folders/1QlR4d7Kil_naimkWOQwxWgD3fDGJ_rfM",,,02:30 - 03:30 & 05:00 - 06:30 b2b Anotr,,10000,Confirmed,,21:00,,,,,,,,40.8355304,17.362025,,Hannes,Hannes,Hannes,Housten,1CIU-9l8WA2q648VJCG_idKpmKcuE9dHn4RwNqQNb1Bg,"20,20",0,02:30 - 03:30 & 05:00 - 06:30 b2b Anotr,
2026-08-08,Adam Port,Shellona Beach Club,Ramatuelle,France,No,,ICAL_2026-08-08_adamport,2026.08.08 - Ramatuelle (Adam Port),"Please upload files...

https://drive.google.com/drive/folders/1a_NVF3CZb-ASOlcu9mFPFl09M_U6jTc8",,,18:00 - 21:00 TBC,,600,Confirmed,,15:00,,,,,,,,43.2381793,6.6627557,,Hannes,Hannes,Hannes,,1hDCirQT_Gyyd5Vi1OKPwcX20r9_-DF0Tr7hxHyO19_E,"20,20",0,18:00 - 21:00 TBC,club show
2026-08-13,Adam Port,Da Mare by Sea Lounge,Corsica,France,No,,ICAL_2026-08-13_adamport,2026.08.13 - Corsica (Adam Port),"Please upload files...

https://drive.google.com/drive/folders/1BEoxKCwk42_lyU7CIIbKfi_2tk_JKfjf",,,Name: Adam Port @ TBC - Corsica - FR,,1500,Waiting,,,,,,,,,,42.0396042,9.0128926,,Hannes,Hannes,Hannes,,1wR8i1Df2lu76P6jtQqRUQXMuvsFf1HUrRkjD4Zrfgao,"16,20",25,11:00 - 02:00 TBC,Small Open air 
2026-08-14,Adam Port,Twiga Porto Cervo,Golfo Pevero,Italy,No,,ICAL_2026-08-14_adamport,2026.08.14 - Golfo Pevero (Adam Port),"Please upload files...

https://drive.google.com/drive/folders/1c_he0dIChDwKt7KMmRs35qGiHFp2pfBI",,,02:00 - 04:00,,600,,,0:00,,,,,,,,41.108926,9.5308312,,Hannes,Hannes,Hannes,,1XMPPCDIoz9jrz2dnJoWGDwczLBmQoLWL5jP3O3tSR0M,"0,20",0,02:00 - 04:00,
2026-08-16,Adam Port,Scorpios Mykonos,Mykonos,Greece,No,,ICAL_2026-08-16_adamport,2026.08.16 - Mykonos (Adam Port),"Please upload files...

https://drive.google.com/drive/folders/1MxFmAPAkQx_s02SNbQF1e5DAw-2Fjq7R",,,Name: Adam Port @ TBC - Mykonos - GR,,1500,,,,,,,,,,,37.4414601,25.3667218,,Hannes,Hannes,Hannes,,1LMdueJMfxw-woeJnzfL2DF8-DU0mofmwGpM6LIasumM,"20,20",6,22:30 - 00:30,
2026-08-24,Adam Port,DC-10,Ibiza,Spain,No,,ICAL_2026-08-24_adamport,2026.08.24 - Ibiza (Adam Port),"Please upload files...

https://drive.google.com/drive/folders/1y6HBfn1EyRLV16vsBK5_xw26t-NFWc8W",,,Name: Adam Port @ Circoloco - DC10 - Ibiza - ES,,3000,,,23:00,,,,,,,,38.8802506,1.3927143,,Hannes,Hannes,Hannes,,1cCaKup00TWa62QMMIOV9R1iIIN68TgtlouumyVZsPDQ,"0,20",0,,club show
2026-09-12,Adam Port,Liljeholmskajen,Stockholm,Sweden,No,,ICAL_2026-09-12_adamport,2026.09.12 - Stockholm (Adam Port),"Please upload files...

https://drive.google.com/drive/folders/1xkXuRaXGu4R7FzrkbRPk7dcNCzXrfD78",,,Name: Adam Port @ TBC - Stockholm - SE,,10000,To Do,,,,,,,,,,59.3327036,18.0656255,,Hannes,Hannes,Hannes,Housten,1D50hyx782E13x7MJn-6DS0zpfjmACKpCUmLxALvMPtE,"3,20",8,19:00 - 22:00,
2026-09-14,Adam Port,DC-10,Ibiza,Spain,No,,ICAL_2026-09-14_adamport,2026.09.14 - Ibiza (Adam Port),"Please upload files...

https://drive.google.com/drive/folders/1CID8gcEXpGuIQkpu0NA4FrNAONq49YNy",,,Name: Adam Port @ Circoloco - DC10 - Ibiza - ES,,3000,,,23:00,,,,,,,,38.8802506,1.3927143,,Hannes,Hannes,Hannes,,143J2LlrtbIeyZmnWg8mEojf6vQp0knzrH5NfwvuPesI,"0,20",0,,club show
2026-10-01,Adam Port,YOYO - Palais de Tokyo,Paris,France,No,,ICAL_2026-10-01_adamport,2026.10.01 - Paris (Adam Port),"Please upload files...

https://drive.google.com/drive/folders/1r_CEMBNO20RqJQTeP5Iu8N8yZwxFpeff",,,Name: Adam Port @ TBC - Paris - FR,,900,,,,,,,,,,,48.8672704,2.2867642,,Hannes,Hannes,Hannes,,1Iy_di_cW45d3IE5UuXmVxunB_VMnGLpzNlkEPf1HCNU,"0,20",19,22:00 - 02:00,
2026-10-10,Adam Port,Pappy & Harriet's,Pioneertown,United States,No,,ICAL_2026-10-10_adamport,2026.10.10 - Pioneertown (Adam Port),"Please upload files...

https://drive.google.com/drive/folders/1YC8jG3K1N_VaxuZgLSI6CsJf82IRv2Tx",,,Name: Adam Port @ Pappy & Harriet's - Pioneertown - US,,1135,Confirmed,,,,,,,,,,34.1563658,-116.4930925,,Hannes,Hannes,Hannes,,1Ji6MZL7EGTEtsTpZPUlRrKYvTllq4JiZLtvB5T9jG5Y,"0,20",7,,
2026-10-16,Adam Port,The Concourse Project,Austin,United States,No,,ICAL_2026-10-16_adamport,2026.10.16 - Austin (Adam Port),"Please upload files...

https://drive.google.com/drive/folders/1tf1t4VxgOjbF8pwdmG8LTEFGjtpFwxFv",,,Name: Adam Port @ TBC - Austin - US,,,,,,,,,,,,,30.3332614,-97.6714746,,Hannes,Hannes,Hannes,,1hOZ-yYEkn1E6rHudbBowBj6AYmjG2kIo2qv30lAW5Ck,"0,20",8,23:00 - 02:00 TBC,club show 
2026-10-17,Adam Port,3p,Miami,United States,No,,ICAL_2026-10-17_adamport,2026.10.17 - Miami (Adam Port),"Please upload files...

https://drive.google.com/drive/folders/15aFUDyKJirVB86FwvAXhbBz179Twntj5",,,Name: Adam Port @ 3p - Miami - US,,,,,,,,,,,,,25.7616798,-80.1917902,,Hannes,Hannes,Hannes,,1S86FzdkQduetI989pnpA6fzHVy8CMV2l7fT0Y6qr2qk,"0,20",10,90 min,festival show
2025-12-31,"Adam Port, Rampa",FASANO LAS PIEDRAS,Punta del Este,Uruguay,No,https://www.ingresse.com/reveillonpuntabr/?fbclid=PAZnRzaANApYRleHRuA2FlbQIxMQABp3EmxCPMZ5UVr6J7U15fpbBgRSh4VuHBvKBOW2a9zzE54ae02nDluEi_Dyue_aem_tkLz9rKoDXRu2cclHF1pRQ,API_2025-12-31T00:00:00Z_1578017,2025.12.31 - Punta del Este (Adam Port),"
Please upload the necessary files to the Google Drive folder linked below.

https://drive.google.com/drive/folders/1Fq4Rt65Z3HGX2s8tNt5JumMnYEKtXyBq

Please include:

1. Venue / Stage 3D File (accepted file types: .vwx, .c2p, .mvr, .dwg, .skp)
2. Rental Supplier Catalog (accepted file types: .pdf, .xlsx)
3. Venue Photos
",Adam Port and Rampa @ Réveillon - Punta del Este - UY,,,1,,,,23:30,10:00,,Maldonado Department,20400,UY,,,-34.8449779,-54.8914034,,"Hannes, Ben","Hannes, Ben","Hannes, Ben",,18mMIgU2qVl6Xl1rqZbqy1MmyN2lOffxTFavIAcMdTxE,"15,20",9,,
2026-01-02,"Adam Port, Rampa",Praia dos Carneiros,Praia dos Carneiros,Brazil,No,https://www.ingresse.com/reveillonpuntabr/?fbclid=PAZnRzaANApYRleHRuA2FlbQIxMQABp3EmxCPMZ5UVr6J7U15fpbBgRSh4VuHBvKBOW2a9zzE54ae02nDluEi_Dyue_aem_tkLz9rKoDXRu2cclHF1pRQ,API_2026-01-02T00:00:00Z_1583142,"2026.01.02 - Praia dos Carneiros (Adam Port, Rampa)","
Please upload the necessary files to the Google Drive folder linked below.

https://drive.google.com/drive/folders/1MEbozliFG8uhKM5fCbpM9SNGpKq0Fr7_

Please include:

1. Venue / Stage 3D File (accepted file types: .vwx, .c2p, .mvr, .dwg, .skp)
2. Rental Supplier Catalog (accepted file types: .pdf, .xlsx)
3. Venue Photos
",Adam Port and Rampa @ Réveillon - Carneiros - BR,,,1,,,,22:00,7:00,,PE,55578-000,BR,,,-8.7156743,-35.087068,,"Hannes, Ben",Ben,James,,1xX_n5KBF_n2WdXuk0jYN37zzVtFK_cKhBbEgBduQwEY,"15,20",0,,
2026-06-18,"Adam Port, Rampa",Poble Espanyol - Plaza Mayor,Barcelona,Spain,No,,ICAL_2026-06-18_adamportrampa,"2026.06.18 - Barcelona (Adam Port, Rampa)","Please upload files...

https://drive.google.com/drive/folders/1rSqUU374fOXLIjBLn5yQKEYNxZIyPs4_",,,Name: Adam Port and Rampa @ OFF Sónar - Barcelona - ES,,5000,Waiting,,17:00,,,,,,,,41.3690713,2.1467419,,"Hannes, Ben","Hannes, Ben","Hannes, Ben",Housten,10xqGSxYxmA-M00Jr-PZ-owVYvtD-Yxd2H5yD5Mj1t4Q,"20,20",10,20:00 - 00:00 Rampa and Adam Port,
,,,,,,,,,,,,,,,,,,,,,,,,,,,,,,,,,,,,
2026-06-11,"Keinemusik, &ME, Rampa, Adam Port",Autódromo Hermanos Rodríguez,Kloud in,Mexico,No,,ICAL_2026-06-11_keinemusik,"2026.06.11 - Kloud in (Keinemusik, &ME, Rampa, Adam Port)","Please upload files...

https://drive.google.com/drive/folders/1KRQrxdRPRQ-7Ky919vRdT309xpDWvSIC",,,Name: Keinemusik @ Kloud in - MX,,,Waiting,,,,,,,,,,23.634501,-102.552784,,Hannes,"Jelle, Ben, Hannes","James, Jan Andreas, Jelle, Ben, Hannes","Housten, Niklas",1uno8TMfM8SVaAPL_FDigWpMLV6IoRznV-OTkPrF_FQs,"2,20,warning",0,,
2026-07-08,"Keinemusik, &ME, Rampa, Adam Port",DC-10,Ibiza,Spain,No,,ICAL_2026-07-08_keinemusik,"2026.07.08 - Ibiza (Keinemusik, &ME, Rampa, Adam Port)","Please upload files...

https://drive.google.com/drive/folders/1Zlb5jc8JMnYHmGv8GCCKRZ1PEkhY_e86",,,Name: Keinemusik @ Kloud in - ES,,3000,Confirmed,,23:00,,,,,,,,38.8802506,1.3927143,,Hannes,"Jelle, Ben, Hannes","James, Jan Andreas, Jelle, Ben, Hannes","Housten, Niklas",1ncGGudsf7sheg_Do-Jt5k9agI5vRPxRkUbZHgYFwYNQ,"0,20",0,23:00 - 06:00 all night long,
2026-09-25,"Keinemusik, &ME, Rampa, Adam Port",Idroscalo Milano Ingresso Tribune,Milan,Italy,No,,ICAL_2026-09-25_keinemusik,"2026.09.25 - Milan (Keinemusik, &ME, Rampa, Adam Port)","Please upload files...

https://drive.google.com/drive/folders/1AP_xl1FvuAyjjln1YVtiuBXiZp6IbFf5",,,Name: Keinemusik @ Kloud in - IT,,12000,To Do,,,,,,,,,,45.468503,9.1824027,,Jelle,"Jelle, Ben, Hannes",James,Housten,1ASSWwu3wdPUVIc6SoxRlEC_ydauVQRiDDEDEbYkqNZY,"0,0",144,,Kloud
,,,,,,,,,,,,,,,,,,,,,,,,,,,,,,,,,,,,
2025-12-06,Rampa,Little River Studios,Miami,United States,No,https://link.dice.fm/b0437a1546d3,API_2025-12-06T00:00:00Z_1940184,2025.12.06 - Miami (Rampa),"
Please upload the necessary files to the Google Drive folder linked below.

https://drive.google.com/drive/folders/1B6eaj7t8trNOcQPYrEeKiygevWT7ywZn

Please include:

1. Venue / Stage 3D File (accepted file types: .vwx, .c2p, .mvr, .dwg, .skp)
2. Rental Supplier Catalog (accepted file types: .pdf, .xlsx)
3. Venue Photos
",Rampa @ Little River Studios - Miami - US,,,1,,,,,,300 Northeast 71st Street,FL,331385530,US,,http://littleriverstudios.com/,25.8400075,-80.1901643,,Ben,Ben,James,,1IT99BUbyda-DLT4se4siUGaehYwswUWw2p9CRBaxwy8,"0,20",0,,
2025-12-07,Rampa,Palm Tree Club Miami,North Bay Village,United States,No,https://posh.vip/e/basel-edition-rampa-presented-by-palm-tree-club-miami,API_2025-12-07T00:00:00Z_1945936,2025.12.07 - North Bay Village (Rampa),"
Please upload the necessary files to the Google Drive folder linked below.

https://drive.google.com/drive/folders/1DSa-hH_1zMi6wNRQp-E4mPRpflUJeVzq

Please include:

1. Venue / Stage 3D File (accepted file types: .vwx, .c2p, .mvr, .dwg, .skp)
2. Rental Supplier Catalog (accepted file types: .pdf, .xlsx)
3. Venue Photos
",Rampa @ The Surf Lodge x PTC - Miami - US,,,1,,,,,,1819 79th Street Causeway,FL,33141,US,,https://www.palmtreeclubmiami.com/?utm_source=google&utm_medium=organic&utm_campaign=business_listing,25.8490156,-80.1480694,,Ben,Ben,James,,1lfw-16g5J3vQqMZXlAeM0hJNdXqHdj0CTngl7mTxbyM,"0,20",0,,
2025-12-28,Rampa,LA GUERITE ST BARTH,Saint-Barthélemy,Guadeloupe,No,https://www.instagram.com/lagueritebeach_saintbarth,API_2025-12-28T00:00:00Z_1589880,2025.12.28 - Saint-Barthélemy (Rampa),"Please upload files...

https://drive.google.com/drive/folders/12_zVVoI7JOf02HwPOrBdfgodTmnq1p1d",Rampa @ La Guerite - St Barth - GP,,18H00/21H00 TBC,1,500,,,16:00,20:00,Plage de Saint-Jean,,,GP,,https://www.instagram.com/lagueritebeach_saintbarth,17.9,-62.833333,,Ben,Ben,Ben,,1eOP9vJoResZ7pMDxTjMfXCQlMrAhO-FEKvm_lzCK4bw,"1,20",0,,
2026-03-07,Rampa,Paris Expo Porte de Versailles,Paris,France,No,,ICAL_2026-03-07_paris,2026.03.07 - Paris (Rampa),"Please upload files...

https://drive.google.com/drive/folders/1K9rp937SqUrAd-Gkhrm-5wlJfbW0kqBX",,,Name: Rampa @ Circoloco - Paris,,,Done,,,,,,,,,,48.8300389,2.2904507,,,,,,1rSefTuns4AzDxG-0wSIZbRFzhyTMFHJP3XfnmMpRHDE,"0,20",0,,
2026-03-08,Rampa,Bagatelle Courchevel,Sommet de la Loze,France,No,,ICAL_2026-03-08_sommetdelaloze,2026.03.08 - Sommet de la Loze (Rampa),"Please upload files...

https://drive.google.com/drive/folders/1R8JWOkW4lFyOw8wypId7AUdLeOI2w4BE",,,15:00 - 17:00,,100,Waiting,,12:30,,,,,,,,45.4328831,6.6213973,,Ben,Ben,Ben,Housten,1VG6BJpo-ZxA0Rm28vbSY-amVi5-nPmk_MVDw9l-_psU,"2,23,overdue",5,15:00 - 17:00,
2026-04-10,Rampa,Cafe Del Mar,Pa Tong,Thailand,No,,ICAL_2026-04-10_patong,2026.04.10 - Pa Tong (Rampa),"Please upload files...

https://drive.google.com/drive/folders/1p0Gvv1KIcgNiQwf4aXfx6MopWuHQvdQc",,,Name: Rampa @ Cafe del Mar - Phuket - TH,,3000,Waiting,,,,,,,,,,7.9610227,98.2839357,,Ben,Ben,Ben,Housten,1YxFc9WcLZlZQcbupNmGNk69Em-RGMvyQBahx7tWD6KY,"14,20,overdue",1,18:00 - 22:30 (if possible),
2026-04-12,Rampa,Savaya,Bali,Indonesia,No,,ICAL_2026-04-12_bali,2026.04.12 - Bali (Rampa),"Please upload files...

https://drive.google.com/drive/folders/1VShN0LVI-OkKFafzonC2fVuUXw_9Rylh",,,Name: Rampa @ Savaya - Bali - ID,,2500,To Do,,18:00,,,,,,,,-8.8464743,115.1407208,,Ben,Ben,Ben,,1xD6AHn87G0vesed5i3U6m1yC2825eKw6lZksc5yMP7c,"4,20",14,,
2026-05-02,Rampa,,Factory Town,Miami US,No,,ICAL_2026-05-02_factorytown,2026.05.02 - Factory Town (Rampa),"Please upload files...

https://drive.google.com/drive/folders/1gytUH1Y0MOQGDlhB1y8SNXvJErq6PPYY",,,Name: Rampa @ Factory Town - Miami US,,,,,,,,,,,,,25.8174968,-80.2574838,,Ben,Ben,Ben,,1-XoWXll3ZGP86oVVuGhr-5k8gtXKKevdHSRtuV4GCiU,"0,23",0,!wrong folder!,
2026-05-02,Rampa,Factory Town,Miami,United States,No,,ICAL_2026-05-02_miami,2026.05.02 - Miami (Rampa),"Please upload files...

https://drive.google.com/drive/folders/19lrOdV9va9QYUMtU0Po-0Bn__gIL6t93",,,Name: Rampa @ Factory Town - Miami US,,,To Do,,22:00,,,,,,,,25.8174968,-80.2574838,,Ben,Ben,Ben,,1iBO6DroWG3H1OteZPtWlvhtVGOVAruvzMNRhecY14OM,"2,23,overdue",2,01:00 - 04:00,
2026-05-03,Rampa,TBC,Washington,United States,No,,ICAL_2026-05-03_washington,2026.05.03 - Washington (Rampa),"Please upload files...

https://drive.google.com/drive/folders/1kb-Rh2BrL52FMr2l84_JFeKUoN1Gv0z-",,,Name: Rampa @ TBC - Washington - US,,,,,,,,,,,,,47.7510741,-120.7401386,,Ben,Ben,Ben,,1Oxkxl4Ee8uHueOWG9bak0hfiNEHtx2BOhHHynhChVnc,"0,23",0,cancelled,
2026-05-09,Rampa,private Wedding,Caracas,VE,No,,ICAL_2026-05-09_rampa,2026.05.09 - Caracas (Rampa),"Please upload files...

https://drive.google.com/drive/folders/1_dbhIruWv1a4g0vqAfLGq0uhVG8lyiGY",,,Name: Rampa @ private Wedding - Caracas - VE,,,,,,,,,,,,,10.4805937,-66.9036063,,Ben,Ben,Ben,,1qOQ7DVLT6EXo02UvrxjG4_8hpLFrBTyqzX2N2gLAvFM,"0,23",0,00:00 - 03:00,
2026-05-20,Rampa,ALAIN DELON BALLROOM,Cannes,France,No,,ICAL_2026-05-20_rampa,2026.05.20 - Cannes (Rampa),"Please upload files...

https://drive.google.com/drive/folders/1kpKbQmU303vUsq3BBkFr9c_qgFP_jnpR",,,Name: Rampa @ TBC - Cannes - FR,,1000,Done,,,,,,,,,,43.5539499,7.0170217,,Ben,Ben,Ben,,18vNpe5pNabEtDqLVKmEASOmTsQnwPZyV3dPXg08JdA0,"23,23",3,01:30 - 04:00,
2026-06-04,Rampa,TBC F1,Monaco,Monaco,No,,ICAL_2026-06-04_rampa,2026.06.04 - Monaco (Rampa),"Please upload files...

https://drive.google.com/drive/folders/1DiIS8rnfxa1-Tge3Pg4jjUxszb_CLKlP",,,Name: Rampa @ TBC F1 - Monaco - MC,,1000,,,,,,,,,,,43.7384176,7.4246158,,Ben,Ben,Ben,,1_4VS-sflPIUdr5WTIIeg5ZeTwnsoPAXaaKH6LtNq5Po,"2,20",0,02:30 - 04:30 TBC,
2026-06-13,Rampa,Pacha NYC,Kings County,United States,No,,ICAL_2026-06-13_rampa,2026.06.13 - Kings County (Rampa),"Please upload files...

https://drive.google.com/drive/folders/122kWKctiXJZy-x2x7DEXJxJGOdC4GyDP",,,Name: Rampa @ Pacha - NYC - US,,,To Do,,,,,,,,,,40.710525,-73.9263036,,Ben,Ben,Ben,,1vJQBv8G_1Kh9xYMQsTtZCezpM3b7WI-EF25GxPIkfks,"6,23",8,12:00 am - 3:00 am: Rampa B2B Prospa,
2026-06-14,Rampa,Pacha NYC,Kings County,United States,No,,ICAL_2026-06-14_rampa,2026.06.14 - Kings County (Rampa),"Please upload files...

https://drive.google.com/drive/folders/1_pPnZlmVvTWbAYT1HNl2ngwdcu6hSsjs",,,Name: Rampa @ Pacha - NYC - US,,,,,,,,,,,,,40.710525,-73.9263036,,Ben,Ben,Ben,,1TuxxyxCQLBjJTzXawFZYEwWO5IoRm-UzhQpIL3bQu_c,"0,23",0,,
2026-06-20,Rampa,Art Basel,Basel,Switzerland,No,,ICAL_2026-06-20_rampa,2026.06.20 - Basel (Rampa),"Please upload files...

https://drive.google.com/drive/folders/1PxrFfCICZxNV-3BYlRwW_HG1RKP4PtYf",,,Name: Rampa @ Art Basel - Basel - CH,,,Waiting,,,,,,,,,,47.5648056,7.6009673,,Ben,Ben,Ben,,1883J6OxqCKZ6wkdhop2a7d3g3g-j7B6UAJD88ooei7E,"0,23",10,,
2026-07-14,Rampa,[UNVRS] IBIZA,Sant Rafel,Spain,No,,ICAL_2026-07-14_santrafel,2026.07.14 - Sant Rafel (Rampa),"Please upload files...

https://drive.google.com/drive/folders/11hhdcw4LEhXCTHqYtoQ-9v-lbyCqOzsW",,,02:00 - 03:30 + 05:00 - 06:00 b2b,,,Waiting,,,,,,,,,,38.9577013,1.4077946,,Ben,Ben,Ben,,1QkxPlKA3SlWf2k0OjcXSnTT7vI_WGyBNnje8k6DMxTA,"2,23,ok",0,02:00 - 03:30 + 05:00 - 06:00 b2b,
2026-07-14,Rampa,UNVRS,Ibiza,Spain,No,,ICAL_2026-07-14_rampa,2026.07.14 - Ibiza (Rampa),"Please upload files...

https://drive.google.com/drive/folders/1j3M7KAhM8S8REDJ5-VyK5DS_PK4VxaL_",,,02:00 - 03:30 + 05:00 - 06:00 b2b,,,Option,,,,,,,,,,38.9577013,1.4077946,,Ben,Ben,Ben,,1fSnlHP1Wfy5qR7ElTB3dsc4CMXepwtEll1AGwaNPnu0,"0,23,ok",0,02:00 - 03:30 + 05:00 - 06:00 b2b,
,,,,,,,,,,,,,,,,,,,,,,,,,,,,,,,,,,,,
,,,,,,,,,,,,,,,,,,,,,,,,,,,,,,,,,,,,
2026-08-01,Rampa,Shellona Beach Club,Ramatuelle,France,No,,ICAL_2026-08-01_rampa,2026.08.01 - Ramatuelle (Rampa),"Please upload files...

https://drive.google.com/drive/folders/1Zek-F590BKz0fN2T5HcDoJzuz1er8MzV",,,18:00 - 21:00 TBC,,600,Waiting,,15:00,,,,,,,,43.2381793,6.6627557,,Ben,Ben,Ben,,1dccbtV8KYW6jpfbPD9LkInDu5IkTi2Mz8h96UpsOSfc,"2,23,ok",35,18:00 - 21:00 TBC,
2026-08-04,Rampa,Scorpios Mykonos,Mykonos,Greece,No,,ICAL_2026-08-04_rampa,2026.08.04 - Mykonos (Rampa),"Please upload files...

https://drive.google.com/drive/folders/1oECXsD49z02uoAbU4HXqbgWNnuZ3hpMA",,,Name: Rampa @ Scorpios - Mykonos - GR,,1500,Waiting,,,,,,,,,,37.4069079,25.3476296,,Ben,Ben,Ben,,1HSgqQU7Q8_NKUwdsqWVDNk3od8HeyLQMz5n6XLIL1RI,"5,23,ok",58,,
2026-08-08,Rampa,Schauspielhaus Zürich: Schiffbau,Zürich,Switzerland,No,,ICAL_2026-08-08_zrich,2026.08.08 - Zürich (Rampa),"Please upload files...

https://drive.google.com/drive/folders/14cE0-TA7IqXj6YctGsvM9CkNijIP3ALX",,,Name: Rampa @ All I Need pres. Street Parade Afterparty - Zurich - CH,,2500,Waiting,,,,,,,,,,47.3887262,8.5192524,,Ben,Ben,Ben,,1VvXoaCLWusX6Dd6U2U7I8KYA-l01A-CVkPbPjkgwxp4,"2,23,ok",18,01:00 - 03:00 TBC,
2026-08-08,Rampa,Streetparade Opening,Zurich,Switzerland,No,,ICAL_2026-08-08_rampa,2026.08.08 - Zurich (Rampa),"Please upload files...

https://drive.google.com/drive/folders/1LG5RBTAhHuNfXq_dizBbn7R3e7oiSJgP",,,Name: Rampa @ Streetparade Opening - Zurich - CH,,200000,Waiting,,,,,,,,,,47.3648589,8.547886,,Ben,Ben,Ben,,1Fs3Af8ZkdxxcnlJhy3_Tl_Ph-nFvrm5-xrY5kvm7MGk,"2,23,ok",4,13-14.30,
2026-08-09,Rampa,Twiga Porto Cervo,Golfo Pevero,Italy,No,,ICAL_2026-08-09_rampa,2026.08.09 - Golfo Pevero (Rampa),"Please upload files...

https://drive.google.com/drive/folders/1jb0CqWXhalI18thNqH7gmH_YfvAGwHQ6",,,Name: Rampa @ Twiga Porto Cervo - Golfo del Pevero - IT,,600,Waiting,,0:00,,,,,,,,41.108926,9.5308312,,Ben,Ben,Ben,,1YnNKLhrRxQz7KIwTttS-uy9tOTQD_c4Y2cYO6Xylu4w,"2,23",0,02:00 - 04:00,
2026-08-21,Rampa,Music On x Pacha,Ibiza,Spain,No,,ICAL_2026-08-21_rampa,2026.08.21 - Ibiza (Rampa),"Please upload files...

https://drive.google.com/drive/folders/1qg0sBtjCqzH-_ZNtB2mNbm5TdXD87ORa",,,Name: Rampa @ Music On x Pacha - Ibiza - ES,,4000,Waiting,,,,,,,,,,38.910172,1.4343345,,Ben,Ben,Ben,,1zpo3z9CYvpzfPL_8EUSTYyjFgqYugsiSrswfSFYncyo,"1,23",0,02:30 - close b2b with Marco,
2026-10-06,Rampa,Pacha,Ibiza,Spain,No,,ICAL_2026-10-06_rampa,2026.10.06 - Ibiza (Rampa),"Please upload files...

https://drive.google.com/drive/folders/15okUKEFGu-jQKOI7ll68Lgo3KX7-jDK_",,,Name: Rampa @ Pacha - Ibiza - ES,,4000,,,23:00,,,,,,,,39.0200099,1.4821482,,Ben,Ben,Ben,,1UX44BSJcyennzHu_il3Whe3Wqfif6FJyFkIVIAHlU44,"0,23",0,,
2026-10-12,Rampa,DC-10,Ibiza,Spain,No,,ICAL_2026-10-12_rampa,2026.10.12 - Ibiza (Rampa),"Please upload files...

https://drive.google.com/drive/folders/1a-1N4SUW00NROPUsHZzGiH1j-Knh2mT6",,,Name: Rampa @ Circoloco x DC-10 - Ibiza - ES,,3000,,,23:00,,,,,,,,38.8802506,1.3927143,,Ben,Ben,Ben,,1xVyji11snhvxgmxFDN7W55Y4O5m0nw9g0fa0tgwf-zA,"0,23",0,,
2026-07-18,"Rampa, Adam Port",The White Sand Mountains,Lissabon,Portugal,No,,ICAL_2026-07-18_adamportrampa,"2026.07.18 - Lissabon (Rampa, Adam Port)","Please upload files...

https://drive.google.com/drive/folders/1FGkQ8JJdKQ0d32nt7WrCfFE4Au9HM3u7",,,Name: Rampa and Adam Port @ TBC - Lissabon - PT,,2000,Done,,,,,,,,,,38.7643432,-9.1742891,,"Ben, Hannes","Ben, Hannes","Ben, Hannes",,1qmBHOqdG2hC0MzMTVbu6YPLoSJj2kGtvfem4qCW9Rfk,"1,20",2,around 21h  (sunset is 20.58),
2026-08-02,"Rampa, Adam Port",Sunny Hill Festival,Bërnicë e Poshtme,Kosovo,No,,ICAL_2026-08-02_adamportrampa,"2026.08.02 - Bërnicë e Poshtme (Rampa, Adam Port)","Please upload files...

https://drive.google.com/drive/folders/1L07XOl5rdc07UHaEIHovagHXOxainEJ4",,,Name: Rampa and Adam Port @ Sunny Hill Festival - XK,,50000,Waiting,,,,,,,,,,42.7075241,21.1258387,,"Ben, Hannes","Ben, Hannes","Ben, Hannes",,1i835yk32Mawcok7k7FYe5eySAEstP7mH_oUT2AVgOBI,"1,20",9,01:00 - close TBC,
2026-06-19,"Rampa, Reznik",Lido Ascona,Ascona,Switzerland,No,,ICAL_2026-06-19_rampareznik,"2026.06.19 - Ascona (Rampa, Reznik)","Please upload files...

https://drive.google.com/drive/folders/1oa8rFruTJPu9UDFw7b1GjggxxP7qqVox",,,20:00 - 00:00 Rampa b2b Reznik,,11000,To Do,,,,,,,,,,46.1475114,8.7821734,,Ben,Ben,Ben,Housten,12tWA7Qa0Zan4Bu267Zz0vVQIQWuNrshJuX8gF7wBZMM,"2,20",41,20:00 - 00:00 Rampa b2b Reznik,
2025-12-13,Reznik,Volt,Milan,Italy,No,https://www.voltclub.it/whats-on,API_2025-12-13T00:00:00Z_1386729,2025.12.13 - Milan (Reznik),"
Please upload the necessary files to the Google Drive folder linked below.

https://drive.google.com/drive/folders/191QDHDTkeR4TM_Bu_W-Dpg1juIESqbKi

Please include:

1. Venue / Stage 3D File (accepted file types: .vwx, .c2p, .mvr, .dwg, .skp)
2. Rental Supplier Catalog (accepted file types: .pdf, .xlsx)
3. Venue Photos
",Reznik @ Volt - Milan - IT,,,1,700,,,0:00,5:30,Via Molino delle Armi 16,,20123,IT,,https://www.instagram.com/voltclub.milano,45.4568556,9.1841123,,,,,,1afOHn5I7ojN84TWIboEl4pom-OjDWThD8u9RltUbaXE,"0,20",0,,
2025-12-20,Reznik,Kaufleuten,Zürich,Switzerland,No,https://kaufleuten.ch/event/reznik,API_2025-12-20T00:00:00Z_1939746,2025.12.20 - Zürich (Reznik),"
Please upload the necessary files to the Google Drive folder linked below.

https://drive.google.com/drive/folders/1RRo7pvdXb9JMAPzS9SWrc6wC3zkSfQQg

Please include:

1. Venue / Stage 3D File (accepted file types: .vwx, .c2p, .mvr, .dwg, .skp)
2. Rental Supplier Catalog (accepted file types: .pdf, .xlsx)
3. Venue Photos
",Reznik @ Kaufleuten - Zürich - CH,,,1,,,,,,Pelikanstrasse 18,,8001,CH,,,47.3717919,8.5362407,,,,,,1DuJLll9InaQC5ScL24aJEWaNpf3d29Yx3ik9ygjUyXA,"0,20",0,,
2025-12-27,Reznik,Waagnatie,Antwerpen,Belgium,No,https://shop.weeztix.com/dda9b50c-e38d-45e9-9a50-73a911bb3c6e/tickets?shop_code=unm3j5v6&original_referer=https%3A%2F%2Flabyrinthproductions.be%2Fevents%2Fmagnifik-waagnatie%2F,API_2025-12-27T00:00:00Z_1379804,2025.12.27 - Antwerpen (Reznik),"
Please upload the necessary files to the Google Drive folder linked below.

https://drive.google.com/drive/folders/1Pg1l2usi-DVjly83Uyo0umVFxpruisz-

Please include:

1. Venue / Stage 3D File (accepted file types: .vwx, .c2p, .mvr, .dwg, .skp)
2. Rental Supplier Catalog (accepted file types: .pdf, .xlsx)
3. Venue Photos
",Reznik for Magnifik @ Waagnatie - Antwerp - BE,,,1,,,,,,Rijnkaai 150,Antwerpen,2000,BE,+32 3 231 92 65,https://www.waagnatie.eu/,51.23324,4.4024638,,Hannes,,,,1g5caviGV2nsMGiV9YSiRbzKOTDMlFWiuOY99uSa8oW4,"0,20",0,,
2026-01-01,Reznik,A’DAM The Loft,Amsterdam,Netherlands,No,https://theloftamsterdam.com/2026/01/01/sona-reznik-theloft,API_2026-01-01T00:00:00Z_1667047,2026.01.01 - Amsterdam (Reznik),"Please upload files...

https://drive.google.com/drive/folders/1rtcc-zKoVsoGSk6xxaYkhdygroGfuc2k",Reznik @ Sona x The Loft - Amsterdam - NL,,,1,,,,,,Overhoeksplein 1,NH,1031 KS,NL,,https://adamtoren.nl/the-loft,52.3838431,4.9022709,,,,,,1mazvbqVgiRjuluiWjcRoKNmdj-7Xb6jKD2uGF5r357I,"15,20",0,,
2027-01-09,&ME,dayzero,Tulum,Mexico,No,,ICAL_2027-01-09_me,2027.01.09 - Tulum (&ME),"Please upload files...

https://drive.google.com/drive/folders/1SOLh7-OmllIPhQvJNHZHmJVwli9MsgQ_",,,Name: &ME @ dayzero - Tulum - MX,,,Confirmed,,,,,,,,,,20.2114185,-87.4653502,,Jelle,Jelle,Jelle,,1ifs-jqs9tRjsFaa4ujVgb7SHkW0XPFK0wc4DAjHUlU4,"0,20",0,07:30 - 09:00,
2026-06-05,Rampa,Villa del Mare,Roquebrune-Cap-Martin,Monaco,No,,ICAL_2026-06-05_rampa,2026.06.05 - Roquebrune-Cap-Martin (Rampa),"Please upload files...

https://drive.google.com/drive/folders/1NiMoOKr1UhcanO5CewRT-m1Ubt4tyQLs",,,01:00 - 02:00,,400,,,23:00,,,,,,,,43.7626402,7.4754023,,Ben,Ben,Ben,,1YGFjkPNAbZyiNC4J075P8H5_RW7l2ThNx7b7urSj238,"0,23",0,01:00 - 02:00,
2026-10-30,Adam Port,TBC,Dubai,United Arab Emirates,No,,ICAL_2026-10-30_adamport,2026.10.30 - Dubai (Adam Port),"Please upload files...

https://drive.google.com/drive/folders/1AAS5iYTweS4EXxInynoVIGZx29Eg0XYq",,,Name: Adam Port @ TBC - Dubai - AE,,,,,,,,,,,,,25.0963471,55.1686853,,Hannes,Hannes,Hannes,,1gftLzKGh4el_rjLOCYITOaCDAC2KGEGuAf4EabYgIig,"0,20",0,,
2026-09-19,"&ME, Rampa",The Warehouse Project,Manchester,United Kingdom,No,,ICAL_2026-09-19_merampa,"2026.09.19 - Manchester (&ME, Rampa)","Please upload files...

https://drive.google.com/drive/folders/1ctExq6oM_LZavxDzl1BSGHRocDFKy-ei",,,Name: &ME vs Rampa @ TBC - Manchester - UK,,7500,Done,,,,,,,,,,53.4610297,-2.1706121,,"Jelle, Ben","Jelle, Ben","Jelle, Ben",Housten,1VGHNFGNlNLj1T0REHXLF0YrkfeQbpzvRTYvxzPLTRaE,"0,20",10,4 hrs,
2026-10-31,Adam Port,FIVE LUXE JBR,Dubai,United Arab Emirates,No,,ICAL_2026-10-31_adamport,2026.10.31 - Dubai (Adam Port),"Please upload files...

https://drive.google.com/drive/folders/1rvNvWkzL7LKzV8CEhVCudzAM80xrRP50",,,Name: Adam Port @ TBC - Dubai - AE,,,,,,,,,,,,,25.0963471,55.1686853,,Hannes,Hannes,Hannes,,1LbGkByJQaPwhff1NXD8mr6TdI3d2clMLNz-1hfGrNgk,"0,20",2,,
2026-11-13,Adam Port,HUDA Gymkhana,Gurugram,India,No,,ICAL_2026-11-13_adamport,2026.11.13 - Gurugram (Adam Port),"Please upload files...

https://drive.google.com/drive/folders/1P-W689C5euq6kSvZ5Q8Y7Hcca2bw12Gk",,,Name: Adam Port @ HUDA Gymkhana - Dehli - IN,,8000,,,16:00,,,,,,,,28.4730167,77.0083193,,Hannes,Hannes,Hannes,,15njdGbCpJtrZJzQOtAxU6zSxZJciJYmTvSYhAQT5YiE,"0,20",0,,
2026-11-14,Adam Port,Milan Mela,Kolkata,India,No,,ICAL_2026-11-14_adamport,2026.11.14 - Kolkata (Adam Port),"Please upload files...

https://drive.google.com/drive/folders/1mYtzvTYP6xhGb0_7VJvyemfNJwcyuI37",,,Name: Adam Port @ Milan Mela - Calcutta - IN,,8000,,,18:00,,,,,,,,22.5444229,88.3965263,,Hannes,Hannes,Hannes,,18UGF2DEJC4atRpTmBTZ7e1DYwj9nNsXhRJAEPb4RLJs,"0,20",2,,
2026-11-15,Adam Port,Bhartiya City,Bengaluru,India,No,,ICAL_2026-11-15_adamport,2026.11.15 - Bengaluru (Adam Port),"Please upload files...

https://drive.google.com/drive/folders/1b6WYy9DNpU8CAGFiSMHT6GQMqJKsj5BS",,,Name: Adam Port @ Bhartiya City - Bangalore - IN,,10000,,,18:00,,,,,,,,13.0833756,77.6424665,,Hannes,Hannes,Hannes,,1Lr7eB4x0-9XZy5NlnP-rhTuKuH1PB_JikRsWvN9P7ao,"0,20",4,,
2026-07-22,Rampa,Villa Louise,Ramatuelle,France,No,,ICAL_2026-07-22_rampa,2026.07.22 - Ramatuelle (Rampa),"Please upload files...

https://drive.google.com/drive/folders/1j-6C61_cEELguJZobgsPYGGu3gMLKlIG",,,00:00 - 02:00 (warm up from Massuma),,,,,,,,,,,,,43.2487703,6.6484207,,Ben,Ben,Ben,,1urzOxAKDKxWzV3SMdCYNTuWDD-31aK9IlMzr-nEDxMQ,"0,23",0,00:00 - 02:00 (warm up from Massuma),
2026-08-14,"&ME, Rampa",North Coast,North Coast,Egypt,No,,ICAL_2026-08-14_merampa,"2026.08.14 - North Coast (&ME, Rampa)","Please upload files...

https://drive.google.com/drive/folders/1fG--4eisZhPwZ-2OREusD1lYy6wVIpnl",,,Name: &ME vs Rampa - Northcoast - EG,,8000,Waiting,,21:00,,,,,,,,30.9653884,29.5426703,,"Jelle, Ben","Jelle, Ben","Jelle, Ben",,1dEu-bvvCClJwSlV9wGY_Mjp_ViHSNgLHSxIjSYM7qbM,"2,20",40,02:00 - Close &ME vs Rampa,
2026-12-28,Rampa,,St Barth,,No,,ICAL_2026-12-28_rampa,"2026.12.28 - St Barth, , , (Rampa)","Please upload files...

https://drive.google.com/drive/folders/1G0KQznxyXHPllXpp7hdWs2CaumZaKxr7",,,Name: Rampa @ St Barth,,,,,,,,,,,,,,,,Ben,Ben,Ben,,1OSeeIUpq-__kBaGPTKSjoc1r_epn27JjBKOJImwd7ic,"0,23",0,,
2026-12-04,&ME,Soundstorm Festival,Dubai,UE,No,,ICAL_2026-12-04_me,2026.12.04 - Dubai (&ME),"Please upload files...

https://drive.google.com/drive/folders/1UKMCVFE-1yJZawjETwuibOu6dZ9faKOt",,,Name: &ME @ TBC - Dubai - UE,,10000,To Do,,,,,,,,,,25.0963471,55.1686853,,Jelle,Jelle,Jelle,,1BDtpODx_sM7fukjU63dKUfBYW9aP5gGrk4Y3bCjKXa4,"0,20",0,01:00 - 02:30 TBC,
2026-08-26,&ME,La Cervara,Portofino,Germany,No,,ICAL_2026-08-26_me,2026.08.26 - Portofino (&ME),"Please upload files...

https://drive.google.com/drive/folders/13sipKflwnSM4oB6WAjYPMeuPir9_2PSH",,,Name: &ME @ private wedding - La Cervara x Portofino - IT,,,,,,,,,,,,,51.165691,10.451526,,Jelle,Jelle,Jelle,,1Ka9SAdpwzqxdgAzMIT-nGh-BRq6hBVBwRwOjY39gvtU,"0,20",0,00:00 - TBC,
2026-12-12,Adam Port,Romexpo,Bucharest,Romania,No,,ICAL_2026-12-12_adamport,2026.12.12 - Bucharest (Adam Port),"Please upload files...

https://drive.google.com/drive/folders/1OTTNj2Ppx6jlZzYKOrj5wJDanPMKF_X-",,,Name: Adam Port @ TBC - Bucharest - RO,,7000,,,,,,,,,,,44.4267674,26.1025384,,Hannes,Hannes,Hannes,,18SPesJPIvY-9wenQXlqddjP4hEbVH54pRjsIuNFYhSE,"0,20",0,23:00 - 02:00 TBC,
2026-08-01,Rampa,Klub,Cannes,France,No,,ICAL_2026-08-01_rampa-2,2026.08.01 - Cannes (Rampa),"Please upload files...

https://drive.google.com/drive/folders/1mNrBufHMNzOue3pCKr31YiIwQ1uFLMxZ",,,1h00 am >> 3h00 TBC DEPENDING ON ATTENDANCE,,1000,,,,,,,,,,,43.5539499,7.0170217,,Ben,Ben,Ben,,1oTmYWjOa0f49-FnLwN-RSXbgn2yxfBRrs6eFX81KsCQ,"0,23",0,1h00 am >> 3h00 TBC DEPENDING ON ATTENDANCE,
2026-08-02,"Rampa, Adam Port",Sunny Hill Festival,Bërnicë e Poshtme,Kosovo,No,,ICAL_2026-08-02_adamportrampa-2,"2026.08.02 - Bërnicë e Poshtme (Rampa, Adam Port)","Please upload files...

https://drive.google.com/drive/folders/1L07XOl5rdc07UHaEIHovagHXOxainEJ4",,,01:00 - close TBC,,,,,12:30,,,,,,,,42.7044931,21.1369818,,"Ben, Hannes","Ben, Hannes","Ben, Hannes",,1i835yk32Mawcok7k7FYe5eySAEstP7mH_oUT2AVgOBI,"0,0",9,01:00 - close TBC,
2026-08-08,Rampa,Streetparade,Zurich,Switzerland,No,,ICAL_2026-08-08_rampa-2,2026.08.08 - Zurich (Rampa),"Please upload files...

https://drive.google.com/drive/folders/1LG5RBTAhHuNfXq_dizBbn7R3e7oiSJgP",,,13:00 - 14:30,,200000,,,13:00,,,,,,,,47.3648589,8.547886,,Ben,Ben,Ben,,1Fs3Af8ZkdxxcnlJhy3_Tl_Ph-nFvrm5-xrY5kvm7MGk,"0,0",4,13:00 - 14:30,
2026-08-09,"&ME, Adam Port",Finsbury Park,London,England,No,,ICAL_2026-08-09_meadamport-2,"2026.08.09 - London (&ME, Adam Port)","Please upload files...

https://drive.google.com/drive/folders/1F83SlfK8ETyp-v0bjUS7ZD4LpSD0D4G_",,,16:30 - 21:30 TBC!,,10000,,,14:00,,,,,,,,51.5645784,-0.1047257,,"Jelle, Hannes","Jelle, Hannes","Jelle, Hannes",,1G0ZcVkPIzeTNfbQH8kTiHM0_PpwHtDHHN0mzjHWgCSA,"0,0",9,16:30 - 21:30 TBC!,
2026-08-14,"&ME, Rampa",North Coast,North Coast,Egypt,No,,ICAL_2026-08-14_merampa-2,"2026.08.14 - North Coast (&ME, Rampa)","Please upload files...

https://drive.google.com/drive/folders/1fG--4eisZhPwZ-2OREusD1lYy6wVIpnl",,,Name: &ME vs Rampa - Northcoast - EG,,8000,,,21:00,,,,,,,,30.9653884,29.5426703,,"Jelle, Ben","Jelle, Ben","Jelle, Ben",,1dEu-bvvCClJwSlV9wGY_Mjp_ViHSNgLHSxIjSYM7qbM,"0,0",40,,
2026-08-17,"&ME, Rampa",DC-10,Ibiza,Spain,No,,ICAL_2026-08-17_merampa-2,"2026.08.17 - Ibiza (&ME, Rampa)","Please upload files...

https://drive.google.com/drive/folders/1xvKKNJlBvMCDfHX9ceRF-223zJkhU8Me",,,Name: &ME vs Rampa @ Circoloco x DC-10 - Ibiza - ES,,3000,,,23:00,,,,,,,,38.8802506,1.3927143,,"Jelle, Ben","Jelle, Ben","Jelle, Ben",,1vYPvKg7IluVTRQbXDlMKpLxKgEIJ_vWD1N30N1DHPC4,"0,0",0,,
2026-09-05,"&ME, Rampa",Land van Bosse - Amsterdamse Bos,NW  Amstelveen,Netherlands,No,,ICAL_2026-09-05_merampa-2,"2026.09.05 - NW  Amstelveen (&ME, Rampa)","Please upload files...

https://drive.google.com/drive/folders/11w0UqUDA2WF48ackk4pCCqI-fN-RrfC5",,,Name: &ME vs Rampa @ Land van Bosse - Amsterdam - NL,,20000,,,12:00,,,,,,,,52.3043462,4.8205126,,"Jelle, Ben","Jelle, Ben","Jelle, Ben",,1mUGLX-1OuSlIK_VcTiBc0CiPjLy7m4rzWV9VAvpbqJ4,"0,20",0,,
2026-09-11,"&ME, Adam Port",Valbyparken,København,Denmark,No,,ICAL_2026-09-11_meadamport-2,"2026.09.11 - København (&ME, Adam Port)","Please upload files...

https://drive.google.com/drive/folders/1JD8tzjxrivl85k-UDJfxy18RPq7vdkUO",,,19:30 - 00:00,,14000,,,15:00,,,,,,,,55.6415103,12.5206794,,"Jelle, Hannes","Jelle, Hannes","Jelle, Hannes",,1NxD4Q4uyfhqctqWtcXP3q1OG4kEopSwQ195DrvFj3dQ,"0,0",0,19:30 - 00:00,
2026-09-19,"&ME, Rampa",The Warehouse Project,M12 QF  Manchester,England,No,,ICAL_2026-09-19_merampa-2,"2026.09.19 - M12 QF  Manchester (&ME, Rampa)","Please upload files...

https://drive.google.com/drive/folders/1XGEwn990kWF-eKgsUetHZEg5iTJckiwf",,,4 hrs,,7500,,,14:00,,,,,,,,53.4756393,-2.2253386,,"Jelle, Ben","Jelle, Ben","Jelle, Ben",,1G1cJTUOkiaFgL4sWAN6yf2E8nYkNTpyEI1B4bZpeDWA,"0,20",0,4 hrs,
2026-09-21,"&ME, Rampa",DC-10,Ibiza,Spain,No,,ICAL_2026-09-21_merampa-2,"2026.09.21 - Ibiza (&ME, Rampa)","Please upload files...

https://drive.google.com/drive/folders/1OBzq8T9A96SWMi3zAmJrBT6UtpAn_P22",,,Name: &ME vs Rampa @ Circoloco x DC-10 - Ibiza - ES,,3000,,,23:00,,,,,,,,38.8802506,1.3927143,,"Jelle, Ben","Jelle, Ben","Jelle, Ben",,1IqPv5IttChz5BOOf0Eqaic5trG9kGw-Sgis8G1SZXqs,"0,0",0,,
,,,,,,,,,,,,,,,,,,,,,,,,,,,,,,,,,,,,
2026-09-25,"&ME, Adam Port, Rampa, Keinemusik",Idroscalo Milano Ingresso Tribune,Novegro-Tregarezzo  Milan,Italy,No,,ICAL_2026-09-25_keinemusik-3,"2026.09.25 - Novegro-Tregarezzo  Milan (Keinemusik, Adam Port)","Please upload files...

https://drive.google.com/drive/folders/1W2kG471YDAqvHjIiDwOQBNiM3wMRnjPu",,,Name: Keinemusik @ Kloud in - IT,,12000,,,12:00,,,,,,,,45.4745873,9.2887562,,Hannes,Hannes,"James, Jan Andreas, Hannes","Housten, Niklas",1O1xlkIcx0jBGpqcoByN1frP7tz7mqNt_B8u6XCI15wk,"0,20",0,,
2026-10-30,"&ME, Rampa",Brooklyn Storehouse,Kings County,United States,No,,ICAL_2026-10-30_merampa-2,"2026.10.30 - Kings County (&ME, Rampa)","Please upload files...

https://drive.google.com/drive/folders/1mQHjuLdHFg0oD8lKeHh0oIJ_-EAH--n3",,,Name: &ME vs Rampa @ Circoloco - NYC - US,,,Waiting,,22:00,,,,,,,,40.7028144,-73.9696547,,"Jelle, Ben","Jelle, Ben","Jelle, Ben",,1O9zcQGer_zOXaVg2y6fGVdjFy5X9E7d30j67MMuaLDE,"0,20",0,,
,,,,,,,,,,,,,,,,,,,,,,,,,,,,,,,,,,,,
2026-11-21,"&ME, Adam Port, Rampa, Keinemusik",Uhuru Gardens,Nairobi,Kenya,No,,ICAL_2026-11-21_keinemusik-3,"2026.11.21 - Nairobi (Keinemusik, Adam Port)","Please upload files...

https://drive.google.com/drive/folders/1YaJK5gwtGbDtjPHyuFSdSmIT89Um9N-k",,,Name: Keinemusik @ Kloud in - KE,,10000,To Do,,,,,,,,,,-1.3244622,36.798519,,Hannes,Hannes,"James, Jan Andreas, Hannes","Housten, Niklas",1AYhRjKCCPWGdna89eM8JvB2sVt0GkC3qmt1LOrzjPmg,"0,20",0,,
2026-12-04,&ME,Soundstorm Festival,Riyadh,Saudi Arabia,No,,ICAL_2026-12-04_me-2,2026.12.04 - Riyadh (&ME),"Please upload files...

https://drive.google.com/drive/folders/1zdFBr_dmc3-fwl1MkudivXO7HHn1r3gQ",,,01:00 - 02:30 TBC,,10000,To Do,,20:00,,,,,,,,24.9911907,46.5151963,,Jelle,Jelle,Jelle,,1X2hjE8tYmV4uT_Xir-XVCB6L96-tKlok2S1CJ_0dG9E,"0,20",0,01:00 - 02:30 TBC,
2026-10-17,&ME,Vale Do Anhangabaú,São Paulo,Brazil,No,,ICAL_2026-10-17_me,2026.10.17 - São Paulo (&ME),"Please upload files...

https://drive.google.com/drive/folders/1NA6Ng8ApPXGP0VnysRhUrnl_agCManTA",,,Name: &ME @ Vale Do Anhangabaú - Sao Paulo - BR,,,To Do,,14:00,,,,,,,,-23.5445256,-46.6362166,,Jelle,Jelle,Jelle,,13Qo-V4PHU4yrprLB2VaFCivq4Iq_E__N5FolQWELUHg,"0,20",43,,
2026-12-30,Rampa,Savaya,Bali,Indonesia,No,,ICAL_2026-12-30_rampa,2026.12.30 - Bali (Rampa),"Please upload files...

https://drive.google.com/drive/folders/1UTmxvMObvLkopyuICjgQL-bc5gYAythe",,,Name: Rampa @ Savaya - Bali - ID,,2500,,,18:00,,,,,,,,-8.8464743,115.1407208,,Ben,Ben,Ben,,1Q8K1hr_uK1rNok6Psum2rfdlv1pqtYdhJy-92wmc6H4,"0,23",0,,
2026-11-29,Adam Port,Alte Druckerei,Erfurt,Germany,No,,ICAL_2026-11-29_adamport,2026.11.29 - Erfurt (Adam Port),"Please upload files...

https://drive.google.com/drive/folders/1Jbg-OSS8KEpY83RUGhu-1A5rMVG9nR-M",,,Name: Adam Port @ TBC - Erfurt - DE,,,,,,,,,,,,,50.9847679,11.0298799,,Hannes,Hannes,Hannes,Housten,1hNpHSILc7N9CuChzw1x4lewbyqGLU-jw4qBVaGtKuPo,"0,20",1,18:00 - 22:00,
2026-12-28,Adam Port,TBC,TBC,Dominican Republic,No,,ICAL_2026-12-28_adamport,2026.12.28 - TBC (Adam Port),"Please upload files...

https://drive.google.com/drive/folders/1bbv7hDBY2hvDRYpzG9tf45sgalfzZ3rK",,,Name: Adam Port @ TBC - TBC - DO,,,,,,,,,,,,,18.735693,-70.162651,,Hannes,Hannes,Hannes,,1OS8xVvdA2KXPUFTShaQ7s_WFhIlllgC5pR-Tnmkci7A,"0,20",0,,
2027-01-06,&ME,ARENA,Tulum,Mexico,No,,ICAL_2027-01-06_me,2027.01.06 - Tulum (&ME),"Please upload files...

https://drive.google.com/drive/folders/1fen3FiccrXAYMRYXW-FVtiyYOUNX-fii",,,Name: &ME @ TBC - Tulum - MX,,,To Do,,,,,,,,,,20.2114185,-87.4653502,,Jelle,Jelle,Jelle,,1yZTlFC1LKA1e0vFyX6XH-Q32RFvbpkl_uSKmoSmMtW8,"0,20",0,,
2027-05-01,"Keinemusik, &ME, Rampa, Adam Port",,Kloud in,United States,No,,ICAL_2027-05-01_keinemusik,"2027.05.01 - Kloud in (Keinemusik, &ME, Rampa, Adam Port)","Please upload files...

https://drive.google.com/drive/folders/1mkxuNhhq1mtStayhaNOttxjTr6QtL5Ec",,,Name: Keinemusik @ Kloud in - US,,,,,,,,,,,,,41.1749975,-93.2352078,,"Jelle, Ben, Hannes","Jelle, Ben, Hannes","James, Jan Andreas, Jelle, Ben, Hannes","Housten, Niklas",154w6xaFwwGQ63665RJQXvdrXceJZdlUy5AoqF6R5A7s,"0,20",0,,
2026-12-05,&ME,Pacha,Dubai,United Arab Emirates,No,,ICAL_2026-12-05_me,2026.12.05 - Dubai (&ME),"Please upload files...

https://drive.google.com/drive/folders/1hYFO8cPl_m47E7_fZlyx3Yf4q3dzzK37",,,Name: &ME @ Pacha - Dubai - AE,,,To Do,,,,,,,,,,25.0820891,55.1353361,,Jelle,Jelle,Jelle,,1CjX3OJLok8b9gEjxnKUt37llAqgqNysHlLeQFf8Ru08,"0,20",0,,
2027-05-15,Adam Port,EDC,Las Vegas,United States,No,,ICAL_2027-05-15_adamport,2027.05.15 - Las Vegas (Adam Port),"Please upload files...

https://drive.google.com/drive/folders/1xgbbb2Gk5dUNx4h0oQ2rVa6AIL-uvnvI",,,Name: Adam Port @ EDC - Las Vegas - US,,,,,,,,,,,,,36.128509,-115.1873881,,Hannes,Hannes,Hannes,,1CZXbM68x98aSARKmOy_9PevGKClFSo9h9hbuVqdqNV8,"0,20",0,,
2027-07-03,"Keinemusik, &ME, Rampa, Adam Port",Liberty Park,New York,United States,No,,ICAL_2027-07-03_keinemusik,"2027.07.03 - New York (Keinemusik, &ME, Rampa, Adam Port)","Please upload files...

https://drive.google.com/drive/folders/1kOi3wCes6gmbyMa50h5O0Xkr3fFrYfvp",,,Name: Keinemusik @ Kloud in - US,,,,,,,,,,,,,40.697525,-73.8898577,,"Jelle, Ben, Hannes","Jelle, Ben, Hannes","James, Jan Andreas, Jelle, Ben, Hannes","Housten, Niklas",1nzTschNyF_JlWWuFGHkRU7ivf1BT9_MMT9DTksTcsRM,"0,20",0,,
2026-12-27,&ME,TBC,St. Barth,GP,No,,ICAL_2026-12-27_me,2026.12.27 - St. Barth (&ME),"Please upload files...

https://drive.google.com/drive/folders/1cUG0iIjgAUaXgu_k6QgANGpx7iNoPXsW",,,Name: &ME @ TBC - St. Barth - GP,,,,,,,,,,,,,17.9,-62.833333,,Jelle,Jelle,Jelle,,1QVFBlOdAXFsc7gAuLQL6c2-hzoBukItJkncNEp1A5aQ,"0,20",0,,
2027-01-10,Adam Port,Zamna,Tulum,Mexico,No,,ICAL_2027-01-10_adamport,2027.01.10 - Tulum (Adam Port),"Please upload files...

https://drive.google.com/drive/folders/1_k_m3_4Sj3VYEpHl2TIngSVx2gNnG6TR",,,Name: Adam Port @ Zamna - Tulum - MX,,20000,,,,,,,,,,,20.1872787,-87.5277246,,Hannes,Hannes,Hannes,,1KUQpdEwO9UppaQMHGH_PXUO4q3pZJNE6UTwaVk-_7qo,"0,20",0,,
2027-05-15,"&ME, Adam Port",EDC,Las Vegas,United States,No,,ICAL_2027-05-15_meadamport,"2027.05.15 - Las Vegas (&ME, Adam Port)","Please upload files...

https://drive.google.com/drive/folders/1qNEUEe_PXSkvT36YeTriH9O45NpJTb53",,,Name: &ME and Adam Port @ EDC - Las Vegas - US,,,,,,,,,,,,,36.128509,-115.1873881,,"Jelle, Hannes","Jelle, Hannes","Jelle, Hannes",,14Qdu_PbYK1f9O5f_2vs6buIj6U_aV7bHtr86yIzGwA0,"0,20",0,,
2027-01-02,"&ME, Adam Port",TBC,Lima,Peru,No,,ICAL_2027-01-02_meadamport,"2027.01.02 - Lima (&ME, Adam Port)","Please upload files...

https://drive.google.com/drive/folders/12NCqd6Pf08W2xRjIeW0aobB4y-UkDRtK",,,Name: &ME and Adam Port @ TBC - Lima - PE,,,To Do,,,,,,,,,,-12.08539,-77.049883,,"Jelle, Hannes","Jelle, Hannes","Jelle, Hannes",,1rdG-lDW7IghDfWkUmUVyfBcTlB_4IysnfYzMohSRTaE,"0,20",0,,
2026-12-02,Adam Port,TBC,Miami,United States,No,,ICAL_2026-12-02_adamport,2026.12.02 - Miami (Adam Port),"Please upload files...

https://drive.google.com/drive/folders/1o7DoqwN1llAQ6fAmCcssxsZP0cCawvC6",,,Name: Adam Port @ TBC - Miami - US,,,,,,,,,,,,,25.6337398,-80.3782025,,Hannes,Hannes,Hannes,,1_vKFLURa2-uhisJ-wa8NzcUZEe8qtA5yw0L5i490KUQ,"0,20",0,,
2026-09-20,Adam Port,Playa Padre,Marbella,Spain,No,,ICAL_2026-09-20_adamport,2026.09.20 - Marbella (Adam Port),"Please upload files...

https://drive.google.com/drive/folders/1UXV6bnrdmXrp2Ouw13YA1pTebfw4XPIx",,,Name: Adam Port @ Playa Padre - Marbella - ES,,600,,,,,,,,,,,36.5079715,-4.8698943,,Hannes,Hannes,Hannes,,1g1TlgNqCM0PHLcww5-jPwv0wjKOs0B9rcC6YpCtwlaE,"0,0",0,01:30 - 03:30,
2026-10-31,Rampa,Casa Cipriani New York,New York,United States,No,,ICAL_2026-10-31_rampa,2026.10.31 - New York (Rampa),"Please upload files...

https://drive.google.com/drive/folders/17m4vi3VDVpevYAGfiMyL4UQnUbzlP2HH",,,Name: Rampa @ Cipriani - NYC - US,,,,,,,,,,,,,40.7010955,-74.0118779,,Ben,Ben,Ben,,1KNBod011mVVBIIu4i5Lx7hFnHU0fmccw4sJk97P_ADs,"0,23",0,,
2026-09-10,Rampa,Zero Bond,New York,United States,No,,ICAL_2026-09-10_rampa,2026.09.10 - New York (Rampa),"Please upload files...

https://drive.google.com/drive/folders/1L3H4Oe73JGs1xCPXBIjn81NX_O9HdVCI",,,Name: Rampa @ private Zero Bond - NYC - US,,,,,,,,,,,,,40.7270436,-73.9947447,,Ben,Ben,Ben,,1gZGdtveNezAUf_rPmMG3Z3dJkvBUHufw3jeiqgSJKoc,"0,23",0,01:00 - 03:00,
2027-05-16,&ME,private birthday x TBC,Frankfurt,Germany,No,,ICAL_2027-05-16_me,2027.05.16 - Frankfurt (&ME),"Please upload files...

https://drive.google.com/drive/folders/1NbVIDNDZQKGKvv7UsolIZvmbWoF2V5_F",,,Name: &ME @ private birthday x TBC - Frankfurt - DE,,,,,,,,,,,,,50.1109221,8.6821267,,Jelle,Jelle,Jelle,,18rHdMTeBVvC-ymMiHxjQRzgvVxAF1s7qjd9oj_0oOSI,"0,20",0,,
2026-12-04,Rampa,Island Gardens,Miami,United States,No,,ICAL_2026-12-04_rampa,2026.12.04 - Miami (Rampa),"Please upload files...

https://drive.google.com/drive/folders/1Wm_MzNQrXhmrd-agcmHAKK3rsNZC0_X9",,,Name: Rampa @ No Art x unKommon x Framework ArtWeek - Miami - US,,,,,,,,,,,,,25.7842275,-80.1780114,,Ben,Ben,Ben,,1hz15YA8_Ccj4dNGXHTb18q8jobIiCO-rwbBSTo-na4E,"0,23",0,,
2026-12-05,Rampa,Factory Town,Miami,United States,No,,ICAL_2026-12-05_rampa,2026.12.05 - Miami (Rampa),"Please upload files...

https://drive.google.com/drive/folders/1djaBx2FiiInZXRu2cruxdvLTNFLEVcee",,,Name: Rampa @ Circoloco x ArtBasel - Miami - US,,,,,19:00,,,,,,,,25.8174968,-80.2574838,,Ben,Ben,Ben,,1YYs6wNKxqyRJlsZ_WE8hZLqwohJWJ-ER2qOKxQhivuU,"0,23",0,,
2026-12-05,Adam Port,Miami Dade Courthouse,Miami,United States,No,,ICAL_2026-12-05_adamport,2026.12.05 - Miami (Adam Port),"Please upload files...

https://drive.google.com/drive/folders/1hFQRzwWOxVVBeU099UOdkm8Gobt8U0un",,,Name: Adam Port @ Miami Dade Courthouse - Miami US,,,,,17:00,,,,,,,,25.7742862,-80.19537,,Hannes,Hannes,Hannes,,1ZUIrXIPughaMh58LyddwJtUpE52olKWbZrPS1vuHPm0,"0,20",0,,
2026-12-21,"&ME, Adam Port",Berezi Clan,Ibechie Town Lagos,Nigeria,No,,ICAL_2026-12-21_meadamport,"2026.12.21 - Ibechie Town Lagos (&ME, Adam Port)","Please upload files...

https://drive.google.com/drive/folders/1fQ7SxpVtbMV1lP1uqosZuEo-m1r-zFSM",,,17:00 - 19:00,,,,,,,,,,,,,6.6137395,3.3552568,,"Jelle, Hannes","Jelle, Hannes","Jelle, Hannes",,1ukm5Gvw-DnLc7ERkjC4mTCm3QRAoD0WjHcwPBQu3VTk,"0,20",0,17:00 - 19:00,
2026-12-04,Adam Port,Casaneos,Miami,United States,No,,ICAL_2026-12-04_adamport,2026.12.04 - Miami (Adam Port),"Please upload files...

https://drive.google.com/drive/folders/17KjaEtQMM6u-idJ6ggeK8bgzr4vJVkom",,,Name: Adam Port @ Casaneos - Miami - US,,,,,,,,,,,,,25.773616,-80.2005081,,Hannes,Hannes,Hannes,,1ZITGH9DAWa4VISklwaXkkcZdTiMxGpNKFNOUvgBLTgk,"0,20",0,,
2026-12-31,&ME,Duggal Greenhouse,NYC,United States,No,,ICAL_2026-12-31_me,2026.12.31 - NYC (&ME),"Please upload files...

https://drive.google.com/drive/folders/1MKs_vuUzhOJbdpdDuxtvx-Fxp0lVOgWS",,,Name: &ME @ TBC - NYC - US,,,,,,,,,,,,,40.7224411,-73.991997,,Jelle,Jelle,Jelle,,1JsrBgsqJ7ir6RT8YYrBGIKnCA0UWGQTe2gKvryA488M,"0,20",1,,
2027-06-26,"Keinemusik, &ME, Rampa, Adam Port",,Kloud in,Poland,No,,ICAL_2027-06-26_keinemusik,"2027.06.26 - Kloud in (Keinemusik, &ME, Rampa, Adam Port)","Please upload files...

https://drive.google.com/drive/folders/1ywXdwVkBx2Uo3D_QDhMAdqPo9oLzKUBJ",,,Name: Keinemusik @ Kloud in - PL,,,,,,,,,,,,,51.919438,19.145136,,"Jelle, Ben, Hannes","Jelle, Ben, Hannes","James, Jan Andreas, Jelle, Ben, Hannes","Housten, Niklas",1yi_EtdJ-jUd2eRPO7hvHl0YnDGwVH7r7vFUYbL_pP1E,"0,20",0,,
2026-10-03,Rampa,Lilly´s,Paris,France,No,,ICAL_2026-10-03_rampa,2026.10.03 - Paris (Rampa),"Please upload files...

https://drive.google.com/drive/folders/13aCK7VjAKRoufCtyzZKMs2zZAO0sby0S",,,Name: Rampa @ Lilly´s - Paris - FR,,300,,,,,,,,,,,48.8662017,2.316346,,Ben,Ben,Ben,,1Lx4niVzdAb2RsW4pinkZ85_h0efUbpvxPWTYO1jdorU,"0,23",0,02:00 - 04:00,
2027-08-07,"Keinemusik, &ME, Rampa, Adam Port",Liberty Park,New York,United States,No,,ICAL_2027-08-07_keinemusik,"2027.08.07 - New York (Keinemusik, &ME, Rampa, Adam Port)","Please upload files...

https://drive.google.com/drive/folders/1JmW64u6TQ4Nnes6cghu4_TMAxGcK9nQe",,,Name: Keinemusik @ Kloud in - US,,,,,,,,,,,,,40.697525,-73.8898577,,"Jelle, Ben, Hannes","Jelle, Ben, Hannes","James, Jan Andreas, Jelle, Ben, Hannes","Housten, Niklas",1jPmpJOaKLckJbtdnZRrLwrNOAFL3-QAkamfbF7vqZ5A,"0,20",0,,
2026-11-01,Adam Port,Keturah,Dubai,United Arab Emirates,No,,ICAL_2026-11-01_adamport,2026.11.01 - Dubai (Adam Port),"Please upload files...

https://drive.google.com/drive/folders/1AeXeoCo1HZnAfty0UQ-1O-3ZlRlKhn_k",,,19:30 - 21:30,,500,,,18:00,,,,,,,,25.1479691,55.2852641,,Hannes,Hannes,Hannes,,1n4ErnnBoi6zDBJXfxNDMZAcPQT6NpePRa7JCw2sN2q4,"0,20",0,19:30 - 21:30,
2026-10-30,Rampa,Casa Cipriani New York,New York,United States,No,,ICAL_2026-10-30_rampa,2026.10.30 - New York (Rampa),"Please upload files...

https://drive.google.com/drive/folders/1Md8MF8hUFkSYTDnphm6ySVQkih1ZCE8E",,,Name: Rampa @ Cipriani - NYC - US,,,,,,,,,,,,,40.7010955,-74.0118779,,Ben,Ben,Ben,,1yS2xXP-JTR2FoFw2iW913nV02WI7Ev-tpnzMgwwSRWo,"0,23",0,,
2026-11-21,"Keinemusik, &ME, Rampa, Adam Port",Uhuru Gardens,Nairobi,Kenya,No,,ICAL_2026-11-21_keinemusik,"2026.11.21 - Nairobi (Keinemusik, &ME, Rampa, Adam Port)","Please upload files...

https://drive.google.com/drive/folders/1YaJK5gwtGbDtjPHyuFSdSmIT89Um9N-k",,,Name: Keinemusik @ Kloud in - KE,,10000,,,,,,,,,,,-1.3244622,36.798519,,"Jelle, Ben, Hannes","Jelle, Ben, Hannes","James, Jan Andreas, Jelle, Ben, Hannes","Housten, Niklas",17sVKDE-W-VQepzzXYZjz7oVwBN5036nf9K6x-bwmhJ0,"0,0",89,,
2027-03-12,Adam Port,TBC,Budapest,Hungary,No,,ICAL_2027-03-12_adamport,2027.03.12 - Budapest (Adam Port),"Please upload files...

https://drive.google.com/drive/folders/1KGxxDiryaLEJnIJL7b4NV3w1tNwIJGYC",,,Name: Adam Port @ TBC - Budapest - HU,,,,,,,,,,,,,47.497912,19.040235,,Hannes,Hannes,Hannes,,1uUPPU-ghzcoFyla1ePMcd6F2ZNCphZLx5f449CgD6s8,"0,20",0,,
2027-05-28,Adam Port,TBC,Skopje,MK,No,,ICAL_2027-05-28_adamport,2027.05.28 - Skopje (Adam Port),"Please upload files...

https://drive.google.com/drive/folders/1J82GXB1omRTFyhqM-uIHa8aogF0M4rOT",,,Name: Adam Port @ TBC - Skopje - MK,,,,,,,,,,,,,41.9981294,21.4254355,,Hannes,Hannes,Hannes,,1kceRGxjBYDblPhqVp0e4iBJWWCCorlD9enmju1hADnQ,"0,20",0,,
2027-09-12,Adam Port,Voodoo Village,Grimbergen,Belgium,No,,ICAL_2027-09-12_adamport,2027.09.12 - Grimbergen (Adam Port),"Please upload files...

https://drive.google.com/drive/folders/1t7deigxmL38o5rq1RFkQt4dmWlPb50Me",,,Name: Adam Port @ Voodoo Village - Grimbergen - BE,,,,,,,,,,,,,50.9750099,4.3782976,,Hannes,Hannes,Hannes,,1qHixKZ0HAcoDF2soPOiuqe3dFLkG5f01EEqlQb9pmwM,"0,20",0,,